,Fecha,Valor,Clasificaci√≥n
0,2025-06-18,52,0
1,2025-06-17,68,1
2,2025-06-16,61,1
3,2025-06-15,60,1
4,2025-06-14,63,1
5,2025-06-13,61,1
6,2025-06-12,71,1
7,2025-06-11,72,1
8,2025-06-10,71,1
9,2025-06-09,62,1
10,2025-06-08,62,1
11,2025-06-07,52,0
12,2025-06-06,45,-1
13,2025-06-05,57,1
14,2025-06-04,62,1
15,2025-06-03,64,1
16,2025-06-02,64,1
17,2025-06-01,56,1
18,2025-05-31,50,0
19,2025-05-30,60,1
20,2025-05-29,74,1
21,2025-05-28,71,1
22,2025-05-27,74,1
23,2025-05-26,73,1
24,2025-05-25,74,1
25,2025-05-24,66,1
26,2025-05-23,78,2
27,2025-05-22,72,1
28,2025-05-21,70,1
29,2025-05-20,71,1
30,2025-05-19,74,1
31,2025-05-18,74,1
32,2025-05-17,74,1
33,2025-05-16,71,1
34,2025-05-15,70,1
35,2025-05-14,73,1
36,2025-05-13,70,1
37,2025-05-12,70,1
38,2025-05-11,70,1
39,2025-05-10,70,1
40,2025-05-09,73,1
41,2025-05-08,65,1
42,2025-05-07,67,1
43,2025-05-06,59,1
44,2025-05-05,52,0
45,2025-05-04,64,1
46,2025-05-03,65,1
47,2025-05-02,67,1
48,2025-05-01,53,0
49,2025-04-30,56,1
50,2025-04-29,60,1
51,2025-04-28,54,0
52,2025-04-27,61,1
53,2025-04-26,65,1
54,2025-04-25,60,1
55,2025-04-24,63,1
56,2025-04-23,72,1
57,2025-04-22,47,0
58,2025-04-21,39,-1
59,2025-04-20,37,-1
60,2025-04-19,32,-1
61,2025-04-18,33,-1
62,2025-04-17,30,-1
63,2025-04-16,29,-1
64,2025-04-15,38,-1
65,2025-04-14,31,-1
66,2025-04-13,45,-1
67,2025-04-12,43,-1
68,2025-04-11,25,-2
69,2025-04-10,39,-1
70,2025-04-09,18,-2
71,2025-04-08,24,-2
72,2025-04-07,23,-2
73,2025-04-06,34,-1
74,2025-04-05,30,-1
75,2025-04-04,28,-1
76,2025-04-03,25,-2
77,2025-04-02,44,-1
78,2025-04-01,34,-1
79,2025-03-31,34,-1
80,2025-03-30,32,-1
81,2025-03-29,26,-1
82,2025-03-28,44,-1
83,2025-03-27,40,-1
84,2025-03-26,47,0
85,2025-03-25,46,-1
86,2025-03-24,45,-1
87,2025-03-23,30,-1
88,2025-03-22,32,-1
89,2025-03-21,31,-1
90,2025-03-20,49,0
91,2025-03-19,32,-1
92,2025-03-18,34,-1
93,2025-03-17,32,-1
94,2025-03-16,30,-1
95,2025-03-15,46,-1
96,2025-03-14,27,-1
97,2025-03-13,45,-1
98,2025-03-12,34,-1
99,2025-03-11,24,-2
100,2025-03-10,20,-2
101,2025-03-09,27,-1
102,2025-03-08,28,-1
103,2025-03-07,34,-1
104,2025-03-06,25,-2
105,2025-03-05,20,-2
106,2025-03-04,15,-2
107,2025-03-03,33,-1
108,2025-03-02,26,-1
109,2025-03-01,20,-2
110,2025-02-28,16,-2
111,2025-02-27,10,-2
112,2025-02-26,21,-2
113,2025-02-25,25,-2
114,2025-02-24,49,0
115,2025-02-23,50,0
116,2025-02-22,49,0
117,2025-02-21,55,1
118,2025-02-20,49,0
119,2025-02-19,44,-1
120,2025-02-18,47,0
121,2025-02-17,51,0
122,2025-02-16,54,0
123,2025-02-15,50,0
124,2025-02-14,48,0
125,2025-02-13,50,0
126,2025-02-12,46,-1
127,2025-02-11,47,0
128,2025-02-10,43,-1
129,2025-02-09,46,-1
130,2025-02-08,44,-1
131,2025-02-07,44,-1
132,2025-02-06,49,0
133,2025-02-05,54,0
134,2025-02-04,72,1
135,2025-02-03,44,-1
136,2025-02-02,60,1
137,2025-02-01,68,1
138,2025-01-31,76,2
139,2025-01-30,70,1
140,2025-01-29,72,1
141,2025-01-28,72,1
142,2025-01-27,71,1
143,2025-01-26,73,1
144,2025-01-25,75,1
145,2025-01-24,75,1
146,2025-01-23,75,1
147,2025-01-22,84,2
148,2025-01-21,76,2
149,2025-01-20,76,2
150,2025-01-19,77,2
151,2025-01-18,77,2
152,2025-01-17,75,1
153,2025-01-16,75,1
154,2025-01-15,70,1
155,2025-01-14,63,1
156,2025-01-13,61,1
157,2025-01-12,62,1
158,2025-01-11,69,1
159,2025-01-10,50,0
160,2025-01-09,69,1
161,2025-01-08,70,1
162,2025-01-07,78,2
163,2025-01-06,76,2
164,2025-01-05,72,1
165,2025-01-04,73,1
166,2025-01-03,74,1
167,2025-01-02,70,1
168,2025-01-01,66,1
169,2024-12-31,64,1
170,2024-12-30,65,1
171,2024-12-29,73,1
172,2024-12-28,72,1
173,2024-12-27,74,1
174,2024-12-26,79,2
175,2024-12-25,73,1
176,2024-12-24,73,1
177,2024-12-23,70,1
178,2024-12-22,73,1
179,2024-12-21,73,1
180,2024-12-20,74,1
181,2024-12-19,75,1
182,2024-12-18,81,2
183,2024-12-17,87,2
184,2024-12-16,83,2
185,2024-12-15,80,2
186,2024-12-14,83,2
187,2024-12-13,76,2
188,2024-12-12,83,2
189,2024-12-11,74,1
190,2024-12-10,78,2
191,2024-12-09,78,2
192,2024-12-08,79,2
193,2024-12-07,75,1
194,2024-12-06,72,1
195,2024-12-05,84,2
196,2024-12-04,78,2
197,2024-12-03,76,2
198,2024-12-02,80,2
199,2024-12-01,81,2
200,2024-11-30,84,2
201,2024-11-29,78,2
202,2024-11-28,77,2
203,2024-11-27,75,1
204,2024-11-26,79,2
205,2024-11-25,82,2
206,2024-11-24,80,2
207,2024-11-23,93,2
208,2024-11-22,94,2
209,2024-11-21,82,2
210,2024-11-20,83,2
211,2024-11-19,90,2
212,2024-11-18,83,2
213,2024-11-17,90,2
214,2024-11-16,86,2
215,2024-11-15,80,2
216,2024-11-14,88,2
217,2024-11-13,84,2
218,2024-11-12,80,2
219,2024-11-11,76,2
220,2024-11-10,78,2
221,2024-11-09,75,1
222,2024-11-08,75,1
223,2024-11-07,77,2
224,2024-11-06,70,1
225,2024-11-05,70,1
226,2024-11-04,70,1
227,2024-11-03,74,1
228,2024-11-02,72,1
229,2024-11-01,75,1
230,2024-10-31,77,2
231,2024-10-30,77,2
232,2024-10-29,72,1
233,2024-10-28,72,1
234,2024-10-27,74,1
235,2024-10-25,72,1
236,2024-10-24,69,1
237,2024-10-23,71,1
238,2024-10-22,70,1
239,2024-10-21,72,1
240,2024-10-20,73,1
241,2024-10-19,72,1
242,2024-10-18,73,1
243,2024-10-17,71,1
244,2024-10-16,73,1
245,2024-10-15,65,1
246,2024-10-14,48,0
247,2024-10-13,50,0
248,2024-10-12,49,0
249,2024-10-11,32,-1
250,2024-10-10,39,-1
251,2024-10-09,49,0
252,2024-10-08,49,0
253,2024-10-07,50,0
254,2024-10-06,50,0
255,2024-10-05,49,0
256,2024-10-04,41,-1
257,2024-10-03,37,-1
258,2024-10-02,42,-1
259,2024-10-01,50,0
260,2024-09-30,61,1
261,2024-09-29,63,1
262,2024-09-28,64,1
263,2024-09-27,61,1
264,2024-09-26,50,0
265,2024-09-25,59,1
266,2024-09-24,54,0
267,2024-09-23,50,0
268,2024-09-22,52,0
269,2024-09-21,54,0
270,2024-09-20,54,0
271,2024-09-19,49,0
272,2024-09-18,45,-1
273,2024-09-17,33,-1
274,2024-09-16,39,-1
275,2024-09-15,51,0
276,2024-09-14,50,0
277,2024-09-13,32,-1
278,2024-09-12,31,-1
279,2024-09-11,37,-1
280,2024-09-10,33,-1
281,2024-09-09,26,-1
282,2024-09-08,29,-1
283,2024-09-07,23,-2
284,2024-09-06,22,-2
285,2024-09-05,29,-1
286,2024-09-04,27,-1
287,2024-09-03,26,-1
288,2024-09-02,26,-1
289,2024-09-01,26,-1
290,2024-08-31,29,-1
291,2024-08-30,34,-1
292,2024-08-29,29,-1
293,2024-08-28,30,-1
294,2024-08-27,48,0
295,2024-08-26,55,1
296,2024-08-25,54,0
297,2024-08-24,56,1
298,2024-08-23,34,-1
299,2024-08-22,39,-1
300,2024-08-21,26,-1
301,2024-08-20,30,-1
302,2024-08-19,28,-1
303,2024-08-18,31,-1
304,2024-08-17,25,-2
305,2024-08-16,27,-1
306,2024-08-15,29,-1
307,2024-08-14,30,-1
308,2024-08-13,31,-1
309,2024-08-12,25,-2
310,2024-08-11,39,-1
311,2024-08-10,40,-1
312,2024-08-09,48,0
313,2024-08-08,20,-2
314,2024-08-07,29,-1
315,2024-08-06,17,-2
316,2024-08-05,26,-1
317,2024-08-04,34,-1
318,2024-08-03,37,-1
319,2024-08-02,57,1
320,2024-08-01,52,0
321,2024-07-31,61,1
322,2024-07-30,67,1
323,2024-07-29,74,1
324,2024-07-28,71,1
325,2024-07-27,72,1
326,2024-07-26,68,1
327,2024-07-25,68,1
328,2024-07-24,69,1
329,2024-07-23,71,1
330,2024-07-22,70,1
331,2024-07-21,74,1
332,2024-07-20,74,1
333,2024-07-19,60,1
334,2024-07-18,61,1
335,2024-07-17,69,1
336,2024-07-16,65,1
337,2024-07-15,52,0
338,2024-07-14,33,-1
339,2024-07-13,25,-2
340,2024-07-12,25,-2
341,2024-07-11,29,-1
342,2024-07-10,28,-1
343,2024-07-09,27,-1
344,2024-07-08,28,-1
345,2024-07-07,29,-1
346,2024-07-06,26,-1
347,2024-07-05,29,-1
348,2024-07-04,44,-1
349,2024-07-03,50,0
350,2024-07-02,51,0
351,2024-07-01,53,0
352,2024-06-30,47,0
353,2024-06-29,30,-1
354,2024-06-28,47,0
355,2024-06-27,40,-1
356,2024-06-26,46,-1
357,2024-06-25,30,-1
358,2024-06-24,51,0
359,2024-06-23,55,1
360,2024-06-22,53,0
361,2024-06-21,63,1
362,2024-06-20,60,1
363,2024-06-19,64,1
364,2024-06-18,74,1
365,2024-06-17,71,1
366,2024-06-16,71,1
367,2024-06-15,74,1
368,2024-06-14,74,1
369,2024-06-13,70,1
370,2024-06-12,72,1
371,2024-06-11,74,1
372,2024-06-10,72,1
373,2024-06-09,75,1
374,2024-06-08,72,1
375,2024-06-07,77,2
376,2024-06-06,78,2
377,2024-06-05,75,1
378,2024-06-04,73,1
379,2024-06-03,73,1
380,2024-06-02,73,1
381,2024-06-01,72,1
382,2024-05-31,73,1
383,2024-05-30,73,1
384,2024-05-29,72,1
385,2024-05-28,72,1
386,2024-05-27,74,1
387,2024-05-26,75,1
388,2024-05-25,76,2
389,2024-05-24,74,1
390,2024-05-23,76,2
391,2024-05-22,76,2
392,2024-05-21,76,2
393,2024-05-20,70,1
394,2024-05-19,72,1
395,2024-05-18,73,1
396,2024-05-17,74,1
397,2024-05-16,70,1
398,2024-05-15,64,1
399,2024-05-14,66,1
400,2024-05-13,57,1
401,2024-05-12,56,1
402,2024-05-11,53,0
403,2024-05-10,66,1
404,2024-05-09,55,1
405,2024-05-08,64,1
406,2024-05-07,68,1
407,2024-05-06,71,1
408,2024-05-05,69,1
409,2024-05-04,67,1
410,2024-05-03,48,0
411,2024-05-02,43,-1
412,2024-05-01,54,0
413,2024-04-30,67,1
414,2024-04-29,67,1
415,2024-04-28,65,1
416,2024-04-27,67,1
417,2024-04-26,70,1
418,2024-04-25,72,1
419,2024-04-24,72,1
420,2024-04-23,71,1
421,2024-04-22,73,1
422,2024-04-21,72,1
423,2024-04-20,66,1
424,2024-04-19,66,1
425,2024-04-18,57,1
426,2024-04-17,67,1
427,2024-04-16,65,1
428,2024-04-15,74,1
429,2024-04-14,72,1
430,2024-04-13,72,1
431,2024-04-12,79,2
432,2024-04-11,76,2
433,2024-04-10,78,2
434,2024-04-09,80,2
435,2024-04-08,76,2
436,2024-04-07,78,2
437,2024-04-06,75,1
438,2024-04-05,79,2
439,2024-04-04,70,1
440,2024-04-03,71,1
441,2024-04-02,79,2
442,2024-04-01,79,2
443,2024-03-31,75,1
444,2024-03-30,75,1
445,2024-03-29,79,2
446,2024-03-28,80,2
447,2024-03-27,83,2
448,2024-03-26,81,2
449,2024-03-25,75,1
450,2024-03-24,74,1
451,2024-03-23,73,1
452,2024-03-22,75,1
453,2024-03-21,78,2
454,2024-03-20,74,1
455,2024-03-19,79,2
456,2024-03-18,77,2
457,2024-03-17,79,2
458,2024-03-16,81,2
459,2024-03-15,83,2
460,2024-03-14,88,2
461,2024-03-13,81,2
462,2024-03-12,81,2
463,2024-03-11,82,2
464,2024-03-10,79,2
465,2024-03-09,84,2
466,2024-03-08,81,2
467,2024-03-07,82,2
468,2024-03-06,75,1
469,2024-03-05,90,2
470,2024-03-04,82,2
471,2024-03-03,83,2
472,2024-03-02,80,2
473,2024-03-01,80,2
474,2024-02-29,80,2
475,2024-02-28,82,2
476,2024-02-27,79,2
477,2024-02-26,72,1
478,2024-02-25,74,1
479,2024-02-24,72,1
480,2024-02-23,76,2
481,2024-02-22,74,1
482,2024-02-21,78,2
483,2024-02-20,72,1
484,2024-02-19,75,1
485,2024-02-18,72,1
486,2024-02-17,76,2
487,2024-02-16,72,1
488,2024-02-15,72,1
489,2024-02-14,74,1
490,2024-02-13,79,2
491,2024-02-12,70,1
492,2024-02-11,71,1
493,2024-02-10,74,1
494,2024-02-09,72,1
495,2024-02-08,66,1
496,2024-02-07,62,1
497,2024-02-06,64,1
498,2024-02-05,60,1
499,2024-02-04,60,1
500,2024-02-03,60,1
501,2024-02-02,63,1
502,2024-02-01,63,1
503,2024-01-31,60,1
504,2024-01-30,61,1
505,2024-01-29,55,1
506,2024-01-28,54,0
507,2024-01-27,55,1
508,2024-01-26,49,0
509,2024-01-25,52,0
510,2024-01-24,48,0
511,2024-01-23,50,0
512,2024-01-22,55,1
513,2024-01-21,56,1
514,2024-01-20,52,0
515,2024-01-19,51,0
516,2024-01-18,63,1
517,2024-01-17,60,1
518,2024-01-16,64,1
519,2024-01-15,52,0
520,2024-01-14,60,1
521,2024-01-13,64,1
522,2024-01-12,71,1
523,2024-01-11,76,2
524,2024-01-10,73,1
525,2024-01-09,76,2
526,2024-01-08,71,1
527,2024-01-07,71,1
528,2024-01-06,70,1
529,2024-01-05,72,1
530,2024-01-04,68,1
531,2024-01-03,70,1
532,2024-01-02,71,1
533,2024-01-01,65,1
534,2023-12-31,67,1
535,2023-12-30,68,1
536,2023-12-29,65,1
537,2023-12-28,73,1
538,2023-12-27,73,1
539,2023-12-26,71,1
540,2023-12-25,73,1
541,2023-12-24,71,1
542,2023-12-23,70,1
543,2023-12-22,74,1
544,2023-12-21,70,1
545,2023-12-20,74,1
546,2023-12-19,73,1
547,2023-12-18,65,1
548,2023-12-17,73,1
549,2023-12-16,67,1
550,2023-12-15,70,1
551,2023-12-14,72,1
552,2023-12-13,65,1
553,2023-12-12,67,1
554,2023-12-11,74,1
555,2023-12-10,74,1
556,2023-12-09,73,1
557,2023-12-08,72,1
558,2023-12-07,72,1
559,2023-12-06,72,1
560,2023-12-05,75,1
561,2023-12-04,74,1
562,2023-12-03,73,1
563,2023-12-02,74,1
564,2023-12-01,71,1
565,2023-11-30,74,1
566,2023-11-29,72,1
567,2023-11-28,68,1
568,2023-11-27,66,1
569,2023-11-26,73,1
570,2023-11-25,73,1
571,2023-11-24,66,1
572,2023-11-23,66,1
573,2023-11-22,62,1
574,2023-11-21,71,1
575,2023-11-20,69,1
576,2023-11-19,66,1
577,2023-11-18,69,1
578,2023-11-17,63,1
579,2023-11-16,70,1
580,2023-11-15,60,1
581,2023-11-14,69,1
582,2023-11-13,72,1
583,2023-11-12,73,1
584,2023-11-11,70,1
585,2023-11-10,70,1
586,2023-11-09,69,1
587,2023-11-08,66,1
588,2023-11-07,68,1
589,2023-11-06,74,1
590,2023-11-05,70,1
591,2023-11-04,68,1
592,2023-11-03,65,1
593,2023-11-02,72,1
594,2023-11-01,66,1
595,2023-10-31,66,1
596,2023-10-30,68,1
597,2023-10-29,72,1
598,2023-10-28,65,1
599,2023-10-27,70,1
600,2023-10-26,71,1
601,2023-10-25,72,1
602,2023-10-24,66,1
603,2023-10-23,53,0
604,2023-10-22,53,0
605,2023-10-21,63,1
606,2023-10-20,53,0
607,2023-10-19,52,0
608,2023-10-18,50,0
609,2023-10-17,52,0
610,2023-10-16,47,0
611,2023-10-15,45,-1
612,2023-10-14,47,0
613,2023-10-13,44,-1
614,2023-10-12,45,-1
615,2023-10-11,47,0
616,2023-10-10,50,0
617,2023-10-09,50,0
618,2023-10-08,50,0
619,2023-10-07,49,0
620,2023-10-06,50,0
621,2023-10-05,48,0
622,2023-10-04,49,0
623,2023-10-03,50,0
624,2023-10-02,50,0
625,2023-10-01,48,0
626,2023-09-30,47,0
627,2023-09-29,48,0
628,2023-09-28,46,-1
629,2023-09-27,44,-1
630,2023-09-26,46,-1
631,2023-09-25,47,0
632,2023-09-24,44,-1
633,2023-09-23,47,0
634,2023-09-22,43,-1
635,2023-09-21,47,0
636,2023-09-20,47,0
637,2023-09-19,46,-1
638,2023-09-18,46,-1
639,2023-09-17,46,-1
640,2023-09-16,43,-1
641,2023-09-15,45,-1
642,2023-09-14,45,-1
643,2023-09-13,41,-1
644,2023-09-12,30,-1
645,2023-09-11,40,-1
646,2023-09-10,40,-1
647,2023-09-09,41,-1
648,2023-09-08,46,-1
649,2023-09-07,41,-1
650,2023-09-06,42,-1
651,2023-09-05,40,-1
652,2023-09-04,40,-1
653,2023-09-03,40,-1
654,2023-09-02,39,-1
655,2023-09-01,40,-1
656,2023-08-31,52,0
657,2023-08-30,49,0
658,2023-08-29,39,-1
659,2023-08-28,39,-1
660,2023-08-27,38,-1
661,2023-08-26,38,-1
662,2023-08-25,39,-1
663,2023-08-24,41,-1
664,2023-08-23,37,-1
665,2023-08-22,37,-1
666,2023-08-21,38,-1
667,2023-08-20,37,-1
668,2023-08-19,39,-1
669,2023-08-18,37,-1
670,2023-08-17,50,0
671,2023-08-16,52,0
672,2023-08-15,53,0
673,2023-08-14,50,0
674,2023-08-13,54,0
675,2023-08-12,54,0
676,2023-08-11,51,0
677,2023-08-10,53,0
678,2023-08-09,50,0
679,2023-08-08,54,0
680,2023-08-07,49,0
681,2023-08-06,49,0
682,2023-08-05,50,0
683,2023-08-04,54,0
684,2023-08-03,52,0
685,2023-08-02,53,0
686,2023-08-01,53,0
687,2023-07-31,50,0
688,2023-07-30,52,0
689,2023-07-29,52,0
690,2023-07-28,52,0
691,2023-07-27,51,0
692,2023-07-26,51,0
693,2023-07-25,50,0
694,2023-07-24,55,1
695,2023-07-23,54,0
696,2023-07-22,52,0
697,2023-07-21,50,0
698,2023-07-20,56,1
699,2023-07-19,50,0
700,2023-07-18,56,1
701,2023-07-17,54,0
702,2023-07-16,57,1
703,2023-07-15,56,1
704,2023-07-14,60,1
705,2023-07-13,57,1
706,2023-07-12,64,1
707,2023-07-11,57,1
708,2023-07-10,56,1
709,2023-07-09,55,1
710,2023-07-08,58,1
711,2023-07-07,55,1
712,2023-07-06,56,1
713,2023-07-05,61,1
714,2023-07-04,64,1
715,2023-07-03,62,1
716,2023-07-02,63,1
717,2023-07-01,59,1
718,2023-06-30,56,1
719,2023-06-29,54,0
720,2023-06-28,62,1
721,2023-06-27,59,1
722,2023-06-26,55,1
723,2023-06-25,64,1
724,2023-06-24,62,1
725,2023-06-23,65,1
726,2023-06-22,65,1
727,2023-06-21,59,1
728,2023-06-20,49,0
729,2023-06-19,47,0
730,2023-06-18,49,0
731,2023-06-17,47,0
732,2023-06-16,47,0
733,2023-06-15,41,-1
734,2023-06-14,46,-1
735,2023-06-13,45,-1
736,2023-06-12,47,0
737,2023-06-11,47,0
738,2023-06-10,49,0
739,2023-06-09,50,0
740,2023-06-08,50,0
741,2023-06-07,53,0
742,2023-06-06,44,-1
743,2023-06-05,53,0
744,2023-06-04,52,0
745,2023-06-03,53,0
746,2023-06-02,50,0
747,2023-06-01,52,0
748,2023-05-31,51,0
749,2023-05-30,51,0
750,2023-05-29,52,0
751,2023-05-28,50,0
752,2023-05-27,48,0
753,2023-05-26,49,0
754,2023-05-25,51,0
755,2023-05-24,50,0
756,2023-05-23,50,0
757,2023-05-22,49,0
758,2023-05-21,52,0
759,2023-05-20,48,0
760,2023-05-19,48,0
761,2023-05-18,51,0
762,2023-05-17,50,0
763,2023-05-16,54,0
764,2023-05-15,50,0
765,2023-05-14,48,0
766,2023-05-13,48,0
767,2023-05-12,49,0
768,2023-05-11,52,0
769,2023-05-10,52,0
770,2023-05-09,51,0
771,2023-05-08,60,1
772,2023-05-07,64,1
773,2023-05-06,60,1
774,2023-05-05,61,1
775,2023-05-04,64,1
776,2023-05-03,64,1
777,2023-05-02,55,1
778,2023-05-01,63,1
779,2023-04-30,60,1
780,2023-04-29,64,1
781,2023-04-28,64,1
782,2023-04-27,59,1
783,2023-04-26,56,1
784,2023-04-25,53,0
785,2023-04-24,53,0
786,2023-04-23,56,1
787,2023-04-22,53,0
788,2023-04-21,50,0
789,2023-04-20,52,0
790,2023-04-19,63,1
791,2023-04-18,58,1
792,2023-04-17,69,1
793,2023-04-16,68,1
794,2023-04-15,68,1
795,2023-04-14,68,1
796,2023-04-13,61,1
797,2023-04-12,65,1
798,2023-04-11,68,1
799,2023-04-10,62,1
800,2023-04-09,61,1
801,2023-04-08,61,1
802,2023-04-07,64,1
803,2023-04-06,63,1
804,2023-04-05,62,1
805,2023-04-04,62,1
806,2023-04-03,63,1
807,2023-04-02,63,1
808,2023-04-01,61,1
809,2023-03-31,63,1
810,2023-03-30,60,1
811,2023-03-29,57,1
812,2023-03-28,59,1
813,2023-03-27,64,1
814,2023-03-26,64,1
815,2023-03-25,64,1
816,2023-03-24,61,1
817,2023-03-23,57,1
818,2023-03-22,62,1
819,2023-03-21,68,1
820,2023-03-20,66,1
821,2023-03-19,63,1
822,2023-03-18,64,1
823,2023-03-17,51,0
824,2023-03-16,52,0
825,2023-03-15,50,0
826,2023-03-14,56,1
827,2023-03-13,49,0
828,2023-03-12,33,-1
829,2023-03-11,33,-1
830,2023-03-10,34,-1
831,2023-03-09,44,-1
832,2023-03-08,50,0
833,2023-03-07,49,0
834,2023-03-06,48,0
835,2023-03-05,47,0
836,2023-03-04,50,0
837,2023-03-03,50,0
838,2023-03-02,51,0
839,2023-03-01,50,0
840,2023-02-28,53,0
841,2023-02-27,50,0
842,2023-02-26,51,0
843,2023-02-25,52,0
844,2023-02-24,53,0
845,2023-02-23,56,1
846,2023-02-22,59,1
847,2023-02-21,60,1
848,2023-02-20,58,1
849,2023-02-19,60,1
850,2023-02-18,60,1
851,2023-02-17,61,1
852,2023-02-16,62,1
853,2023-02-15,53,0
854,2023-02-14,50,0
855,2023-02-13,48,0
856,2023-02-12,50,0
857,2023-02-11,49,0
858,2023-02-10,48,0
859,2023-02-09,55,1
860,2023-02-08,58,1
861,2023-02-07,54,0
862,2023-02-06,56,1
863,2023-02-05,58,1
864,2023-02-04,58,1
865,2023-02-03,60,1
866,2023-02-02,60,1
867,2023-02-01,56,1
868,2023-01-31,51,0
869,2023-01-30,61,1
870,2023-01-29,55,1
871,2023-01-28,52,0
872,2023-01-27,55,1
873,2023-01-26,54,0
874,2023-01-25,51,0
875,2023-01-24,52,0
876,2023-01-23,50,0
877,2023-01-22,53,0
878,2023-01-21,53,0
879,2023-01-20,51,0
880,2023-01-19,45,-1
881,2023-01-18,52,0
882,2023-01-17,51,0
883,2023-01-16,45,-1
884,2023-01-15,52,0
885,2023-01-14,46,-1
886,2023-01-13,31,-1
887,2023-01-12,30,-1
888,2023-01-11,26,-1
889,2023-01-10,26,-1
890,2023-01-09,25,-2
891,2023-01-08,25,-2
892,2023-01-07,25,-2
893,2023-01-06,26,-1
894,2023-01-05,29,-1
895,2023-01-04,29,-1
896,2023-01-03,26,-1
897,2023-01-02,27,-1
898,2023-01-01,26,-1
899,2022-12-31,25,-2
900,2022-12-30,28,-1
901,2022-12-29,28,-1
902,2022-12-28,28,-1
903,2022-12-27,27,-1
904,2022-12-26,28,-1
905,2022-12-25,29,-1
906,2022-12-24,29,-1
907,2022-12-23,27,-1
908,2022-12-22,28,-1
909,2022-12-21,26,-1
910,2022-12-20,29,-1
911,2022-12-19,29,-1
912,2022-12-18,26,-1
913,2022-12-17,28,-1
914,2022-12-16,29,-1
915,2022-12-15,31,-1
916,2022-12-14,30,-1
917,2022-12-13,27,-1
918,2022-12-12,27,-1
919,2022-12-11,26,-1
920,2022-12-10,27,-1
921,2022-12-09,26,-1
922,2022-12-08,25,-2
923,2022-12-07,29,-1
924,2022-12-06,25,-2
925,2022-12-05,26,-1
926,2022-12-04,26,-1
927,2022-12-03,27,-1
928,2022-12-02,27,-1
929,2022-12-01,27,-1
930,2022-11-30,29,-1
931,2022-11-29,26,-1
932,2022-11-28,28,-1
933,2022-11-27,26,-1
934,2022-11-26,22,-2
935,2022-11-25,20,-2
936,2022-11-24,20,-2
937,2022-11-23,22,-2
938,2022-11-22,22,-2
939,2022-11-21,21,-2
940,2022-11-20,24,-2
941,2022-11-19,23,-2
942,2022-11-18,23,-2
943,2022-11-17,20,-2
944,2022-11-16,23,-2
945,2022-11-15,22,-2
946,2022-11-14,24,-2
947,2022-11-13,22,-2
948,2022-11-12,21,-2
949,2022-11-11,25,-2
950,2022-11-10,22,-2
951,2022-11-09,29,-1
952,2022-11-08,31,-1
953,2022-11-07,33,-1
954,2022-11-06,40,-1
955,2022-11-05,38,-1
956,2022-11-04,30,-1
957,2022-11-03,30,-1
958,2022-11-02,30,-1
959,2022-11-01,30,-1
960,2022-10-31,31,-1
961,2022-10-30,34,-1
962,2022-10-29,34,-1
963,2022-10-28,30,-1
964,2022-10-27,32,-1
965,2022-10-26,33,-1
966,2022-10-25,20,-2
967,2022-10-24,22,-2
968,2022-10-23,23,-2
969,2022-10-22,20,-2
970,2022-10-21,23,-2
971,2022-10-20,23,-2
972,2022-10-19,23,-2
973,2022-10-18,22,-2
974,2022-10-17,20,-2
975,2022-10-16,24,-2
976,2022-10-15,24,-2
977,2022-10-14,24,-2
978,2022-10-13,20,-2
979,2022-10-12,20,-2
980,2022-10-11,24,-2
981,2022-10-10,22,-2
982,2022-10-09,22,-2
983,2022-10-08,24,-2
984,2022-10-07,23,-2
985,2022-10-06,26,-1
986,2022-10-05,25,-2
987,2022-10-04,20,-2
988,2022-10-03,24,-2
989,2022-10-02,24,-2
990,2022-10-01,20,-2
991,2022-09-30,21,-2
992,2022-09-29,22,-2
993,2022-09-28,20,-2
994,2022-09-27,20,-2
995,2022-09-26,21,-2
996,2022-09-25,24,-2
997,2022-09-24,24,-2
998,2022-09-23,20,-2
999,2022-09-22,22,-2
1000,2022-09-21,23,-2
1001,2022-09-20,23,-2
1002,2022-09-19,21,-2
1003,2022-09-18,27,-1
1004,2022-09-17,22,-2
1005,2022-09-16,20,-2
1006,2022-09-15,28,-1
1007,2022-09-14,27,-1
1008,2022-09-13,34,-1
1009,2022-09-12,25,-2
1010,2022-09-11,26,-1
1011,2022-09-10,28,-1
1012,2022-09-09,22,-2
1013,2022-09-08,20,-2
1014,2022-09-07,24,-2
1015,2022-09-06,22,-2
1016,2022-09-05,23,-2
1017,2022-09-04,20,-2
1018,2022-09-03,21,-2
1019,2022-09-02,25,-2
1020,2022-09-01,20,-2
1021,2022-08-31,23,-2
1022,2022-08-30,27,-1
1023,2022-08-29,24,-2
1024,2022-08-28,28,-1
1025,2022-08-27,28,-1
1026,2022-08-26,27,-1
1027,2022-08-25,25,-2
1028,2022-08-24,25,-2
1029,2022-08-23,28,-1
1030,2022-08-22,29,-1
1031,2022-08-21,27,-1
1032,2022-08-20,29,-1
1033,2022-08-19,33,-1
1034,2022-08-18,30,-1
1035,2022-08-17,41,-1
1036,2022-08-16,44,-1
1037,2022-08-15,45,-1
1038,2022-08-14,47,0
1039,2022-08-13,46,-1
1040,2022-08-12,42,-1
1041,2022-08-11,41,-1
1042,2022-08-10,31,-1
1043,2022-08-09,42,-1
1044,2022-08-08,30,-1
1045,2022-08-07,30,-1
1046,2022-08-06,31,-1
1047,2022-08-05,31,-1
1048,2022-08-04,30,-1
1049,2022-08-03,34,-1
1050,2022-08-02,31,-1
1051,2022-08-01,33,-1
1052,2022-07-31,39,-1
1053,2022-07-30,42,-1
1054,2022-07-29,39,-1
1055,2022-07-28,32,-1
1056,2022-07-27,28,-1
1057,2022-07-26,26,-1
1058,2022-07-25,30,-1
1059,2022-07-24,30,-1
1060,2022-07-23,31,-1
1061,2022-07-22,33,-1
1062,2022-07-21,34,-1
1063,2022-07-20,31,-1
1064,2022-07-19,30,-1
1065,2022-07-18,20,-2
1066,2022-07-17,24,-2
1067,2022-07-16,21,-2
1068,2022-07-15,15,-2
1069,2022-07-14,18,-2
1070,2022-07-13,15,-2
1071,2022-07-12,16,-2
1072,2022-07-11,22,-2
1073,2022-07-10,24,-2
1074,2022-07-09,24,-2
1075,2022-07-08,20,-2
1076,2022-07-07,18,-2
1077,2022-07-06,18,-2
1078,2022-07-05,19,-2
1079,2022-07-04,14,-2
1080,2022-07-03,11,-2
1081,2022-07-02,14,-2
1082,2022-07-01,11,-2
1083,2022-06-30,11,-2
1084,2022-06-29,13,-2
1085,2022-06-28,10,-2
1086,2022-06-27,12,-2
1087,2022-06-26,14,-2
1088,2022-06-25,14,-2
1089,2022-06-24,11,-2
1090,2022-06-23,11,-2
1091,2022-06-22,11,-2
1092,2022-06-21,9,-2
1093,2022-06-20,9,-2
1094,2022-06-19,6,-2
1095,2022-06-18,6,-2
1096,2022-06-17,9,-2
1097,2022-06-16,7,-2
1098,2022-06-15,7,-2
1099,2022-06-14,8,-2
1100,2022-06-13,11,-2
1101,2022-06-12,14,-2
1102,2022-06-11,12,-2
1103,2022-06-10,13,-2
1104,2022-06-09,11,-2
1105,2022-06-08,17,-2
1106,2022-06-07,15,-2
1107,2022-06-06,13,-2
1108,2022-06-05,10,-2
1109,2022-06-04,14,-2
1110,2022-06-03,10,-2
1111,2022-06-02,13,-2
1112,2022-06-01,17,-2
1113,2022-05-31,16,-2
1114,2022-05-30,10,-2
1115,2022-05-29,14,-2
1116,2022-05-28,13,-2
1117,2022-05-27,12,-2
1118,2022-05-26,12,-2
1119,2022-05-25,11,-2
1120,2022-05-24,12,-2
1121,2022-05-23,10,-2
1122,2022-05-22,14,-2
1123,2022-05-21,13,-2
1124,2022-05-20,13,-2
1125,2022-05-19,13,-2
1126,2022-05-18,12,-2
1127,2022-05-17,8,-2
1128,2022-05-16,14,-2
1129,2022-05-15,10,-2
1130,2022-05-14,9,-2
1131,2022-05-13,10,-2
1132,2022-05-12,12,-2
1133,2022-05-11,12,-2
1134,2022-05-10,10,-2
1135,2022-05-09,11,-2
1136,2022-05-08,18,-2
1137,2022-05-07,23,-2
1138,2022-05-06,22,-2
1139,2022-05-05,27,-1
1140,2022-05-04,21,-2
1141,2022-05-03,27,-1
1142,2022-05-02,28,-1
1143,2022-05-01,22,-2
1144,2022-04-30,20,-2
1145,2022-04-29,23,-2
1146,2022-04-28,24,-2
1147,2022-04-27,21,-2
1148,2022-04-26,27,-1
1149,2022-04-25,23,-2
1150,2022-04-24,24,-2
1151,2022-04-23,24,-2
1152,2022-04-22,26,-1
1153,2022-04-21,27,-1
1154,2022-04-20,27,-1
1155,2022-04-19,27,-1
1156,2022-04-18,24,-2
1157,2022-04-17,28,-1
1158,2022-04-16,28,-1
1159,2022-04-15,22,-2
1160,2022-04-14,28,-1
1161,2022-04-13,25,-2
1162,2022-04-12,20,-2
1163,2022-04-11,32,-1
1164,2022-04-10,34,-1
1165,2022-04-09,30,-1
1166,2022-04-08,37,-1
1167,2022-04-07,34,-1
1168,2022-04-06,48,0
1169,2022-04-05,53,0
1170,2022-04-04,52,0
1171,2022-04-03,48,0
1172,2022-04-02,52,0
1173,2022-04-01,50,0
1174,2022-03-31,52,0
1175,2022-03-30,55,1
1176,2022-03-29,56,1
1177,2022-03-28,60,1
1178,2022-03-27,49,0
1179,2022-03-26,51,0
1180,2022-03-25,47,0
1181,2022-03-24,40,-1
1182,2022-03-23,31,-1
1183,2022-03-22,26,-1
1184,2022-03-21,30,-1
1185,2022-03-20,31,-1
1186,2022-03-19,28,-1
1187,2022-03-18,25,-2
1188,2022-03-17,27,-1
1189,2022-03-16,24,-2
1190,2022-03-15,21,-2
1191,2022-03-14,23,-2
1192,2022-03-13,21,-2
1193,2022-03-12,22,-2
1194,2022-03-11,22,-2
1195,2022-03-10,28,-1
1196,2022-03-09,22,-2
1197,2022-03-08,21,-2
1198,2022-03-07,23,-2
1199,2022-03-06,22,-2
1200,2022-03-05,22,-2
1201,2022-03-04,33,-1
1202,2022-03-03,39,-1
1203,2022-03-02,52,0
1204,2022-03-01,51,0
1205,2022-02-28,20,-2
1206,2022-02-27,26,-1
1207,2022-02-26,26,-1
1208,2022-02-25,27,-1
1209,2022-02-24,23,-2
1210,2022-02-23,25,-2
1211,2022-02-22,20,-2
1212,2022-02-21,25,-2
1213,2022-02-20,27,-1
1214,2022-02-19,25,-2
1215,2022-02-18,30,-1
1216,2022-02-17,52,0
1217,2022-02-16,51,0
1218,2022-02-15,46,-1
1219,2022-02-14,46,-1
1220,2022-02-13,44,-1
1221,2022-02-12,44,-1
1222,2022-02-11,50,0
1223,2022-02-10,50,0
1224,2022-02-09,54,0
1225,2022-02-08,48,0
1226,2022-02-07,45,-1
1227,2022-02-06,37,-1
1228,2022-02-05,33,-1
1229,2022-02-04,20,-2
1230,2022-02-03,20,-2
1231,2022-02-02,28,-1
1232,2022-02-01,26,-1
1233,2022-01-31,20,-2
1234,2022-01-30,29,-1
1235,2022-01-29,24,-2
1236,2022-01-28,24,-2
1237,2022-01-27,20,-2
1238,2022-01-26,23,-2
1239,2022-01-25,12,-2
1240,2022-01-24,13,-2
1241,2022-01-23,11,-2
1242,2022-01-22,13,-2
1243,2022-01-21,19,-2
1244,2022-01-20,24,-2
1245,2022-01-19,24,-2
1246,2022-01-18,24,-2
1247,2022-01-17,22,-2
1248,2022-01-16,21,-2
1249,2022-01-15,23,-2
1250,2022-01-14,21,-2
1251,2022-01-13,21,-2
1252,2022-01-12,22,-2
1253,2022-01-11,21,-2
1254,2022-01-10,23,-2
1255,2022-01-09,23,-2
1256,2022-01-08,10,-2
1257,2022-01-07,18,-2
1258,2022-01-06,15,-2
1259,2022-01-05,24,-2
1260,2022-01-04,23,-2
1261,2022-01-03,29,-1
1262,2022-01-02,29,-1
1263,2022-01-01,21,-2
1264,2021-12-31,28,-1
1265,2021-12-30,22,-2
1266,2021-12-29,27,-1
1267,2021-12-28,41,-1
1268,2021-12-27,40,-1
1269,2021-12-26,37,-1
1270,2021-12-25,39,-1
1271,2021-12-24,41,-1
1272,2021-12-23,34,-1
1273,2021-12-22,45,-1
1274,2021-12-21,27,-1
1275,2021-12-20,25,-2
1276,2021-12-19,29,-1
1277,2021-12-18,24,-2
1278,2021-12-17,23,-2
1279,2021-12-16,29,-1
1280,2021-12-15,28,-1
1281,2021-12-14,21,-2
1282,2021-12-13,28,-1
1283,2021-12-12,27,-1
1284,2021-12-11,16,-2
1285,2021-12-10,24,-2
1286,2021-12-09,29,-1
1287,2021-12-08,28,-1
1288,2021-12-07,25,-2
1289,2021-12-06,16,-2
1290,2021-12-05,18,-2
1291,2021-12-04,25,-2
1292,2021-12-03,31,-1
1293,2021-12-02,32,-1
1294,2021-12-01,34,-1
1295,2021-11-30,40,-1
1296,2021-11-29,33,-1
1297,2021-11-28,27,-1
1298,2021-11-27,21,-2
1299,2021-11-26,47,0
1300,2021-11-25,32,-1
1301,2021-11-24,42,-1
1302,2021-11-23,33,-1
1303,2021-11-22,50,0
1304,2021-11-21,49,0
1305,2021-11-20,43,-1
1306,2021-11-19,34,-1
1307,2021-11-18,54,0
1308,2021-11-17,52,0
1309,2021-11-16,71,1
1310,2021-11-15,72,1
1311,2021-11-14,74,1
1312,2021-11-13,72,1
1313,2021-11-12,74,1
1314,2021-11-11,77,2
1315,2021-11-10,75,1
1316,2021-11-09,84,2
1317,2021-11-08,75,1
1318,2021-11-07,73,1
1319,2021-11-06,71,1
1320,2021-11-05,73,1
1321,2021-11-04,73,1
1322,2021-11-03,76,2
1323,2021-11-02,73,1
1324,2021-11-01,74,1
1325,2021-10-31,74,1
1326,2021-10-30,73,1
1327,2021-10-29,70,1
1328,2021-10-28,66,1
1329,2021-10-27,73,1
1330,2021-10-26,76,2
1331,2021-10-25,72,1
1332,2021-10-24,73,1
1333,2021-10-23,74,1
1334,2021-10-22,75,1
1335,2021-10-21,84,2
1336,2021-10-20,82,2
1337,2021-10-19,75,1
1338,2021-10-18,78,2
1339,2021-10-17,79,2
1340,2021-10-16,78,2
1341,2021-10-15,71,1
1342,2021-10-14,70,1
1343,2021-10-13,70,1
1344,2021-10-12,78,2
1345,2021-10-11,71,1
1346,2021-10-10,71,1
1347,2021-10-09,72,1
1348,2021-10-08,74,1
1349,2021-10-07,76,2
1350,2021-10-06,68,1
1351,2021-10-05,59,1
1352,2021-10-04,54,0
1353,2021-10-03,49,0
1354,2021-10-02,54,0
1355,2021-10-01,27,-1
1356,2021-09-30,20,-2
1357,2021-09-29,24,-2
1358,2021-09-28,25,-2
1359,2021-09-27,26,-1
1360,2021-09-26,27,-1
1361,2021-09-25,28,-1
1362,2021-09-24,33,-1
1363,2021-09-23,27,-1
1364,2021-09-22,21,-2
1365,2021-09-21,27,-1
1366,2021-09-20,50,0
1367,2021-09-19,53,0
1368,2021-09-18,50,0
1369,2021-09-17,48,0
1370,2021-09-16,53,0
1371,2021-09-15,49,0
1372,2021-09-14,30,-1
1373,2021-09-13,44,-1
1374,2021-09-12,32,-1
1375,2021-09-11,31,-1
1376,2021-09-10,46,-1
1377,2021-09-09,45,-1
1378,2021-09-08,47,0
1379,2021-09-07,79,2
1380,2021-09-06,79,2
1381,2021-09-05,73,1
1382,2021-09-04,72,1
1383,2021-09-03,74,1
1384,2021-09-02,74,1
1385,2021-09-01,71,1
1386,2021-08-31,73,1
1387,2021-08-30,73,1
1388,2021-08-29,72,1
1389,2021-08-28,78,2
1390,2021-08-27,71,1
1391,2021-08-26,75,1
1392,2021-08-25,73,1
1393,2021-08-24,79,2
1394,2021-08-23,79,2
1395,2021-08-22,76,2
1396,2021-08-21,78,2
1397,2021-08-20,70,1
1398,2021-08-19,70,1
1399,2021-08-18,73,1
1400,2021-08-17,72,1
1401,2021-08-16,72,1
1402,2021-08-15,71,1
1403,2021-08-14,76,2
1404,2021-08-13,70,1
1405,2021-08-12,70,1
1406,2021-08-11,70,1
1407,2021-08-10,71,1
1408,2021-08-09,65,1
1409,2021-08-08,74,1
1410,2021-08-07,69,1
1411,2021-08-06,52,0
1412,2021-08-05,50,0
1413,2021-08-04,42,-1
1414,2021-08-03,48,0
1415,2021-08-02,48,0
1416,2021-08-01,60,1
1417,2021-07-31,60,1
1418,2021-07-30,53,0
1419,2021-07-29,50,0
1420,2021-07-28,50,0
1421,2021-07-27,32,-1
1422,2021-07-26,26,-1
1423,2021-07-25,27,-1
1424,2021-07-24,22,-2
1425,2021-07-23,23,-2
1426,2021-07-22,21,-2
1427,2021-07-21,10,-2
1428,2021-07-20,19,-2
1429,2021-07-19,24,-2
1430,2021-07-18,19,-2
1431,2021-07-17,15,-2
1432,2021-07-16,22,-2
1433,2021-07-15,20,-2
1434,2021-07-14,21,-2
1435,2021-07-13,20,-2
1436,2021-07-12,25,-2
1437,2021-07-11,20,-2
1438,2021-07-10,20,-2
1439,2021-07-09,20,-2
1440,2021-07-08,20,-2
1441,2021-07-07,28,-1
1442,2021-07-06,20,-2
1443,2021-07-05,29,-1
1444,2021-07-04,27,-1
1445,2021-07-03,24,-2
1446,2021-07-02,21,-2
1447,2021-07-01,28,-1
1448,2021-06-30,28,-1
1449,2021-06-29,25,-2
1450,2021-06-28,25,-2
1451,2021-06-27,22,-2
1452,2021-06-26,20,-2
1453,2021-06-25,27,-1
1454,2021-06-24,22,-2
1455,2021-06-23,14,-2
1456,2021-06-22,10,-2
1457,2021-06-21,23,-2
1458,2021-06-20,21,-2
1459,2021-06-19,23,-2
1460,2021-06-18,25,-2
1461,2021-06-17,26,-1
1462,2021-06-16,33,-1
1463,2021-06-15,38,-1
1464,2021-06-14,28,-1
1465,2021-06-13,23,-2
1466,2021-06-12,28,-1
1467,2021-06-11,21,-2
1468,2021-06-10,21,-2
1469,2021-06-09,14,-2
1470,2021-06-08,13,-2
1471,2021-06-07,15,-2
1472,2021-06-06,17,-2
1473,2021-06-05,24,-2
1474,2021-06-04,27,-1
1475,2021-06-03,24,-2
1476,2021-06-02,23,-2
1477,2021-06-01,20,-2
1478,2021-05-31,18,-2
1479,2021-05-30,10,-2
1480,2021-05-29,18,-2
1481,2021-05-28,21,-2
1482,2021-05-27,27,-1
1483,2021-05-26,22,-2
1484,2021-05-25,22,-2
1485,2021-05-24,10,-2
1486,2021-05-23,14,-2
1487,2021-05-22,12,-2
1488,2021-05-21,19,-2
1489,2021-05-20,11,-2
1490,2021-05-19,23,-2
1491,2021-05-18,21,-2
1492,2021-05-17,27,-1
1493,2021-05-16,20,-2
1494,2021-05-15,27,-1
1495,2021-05-14,26,-1
1496,2021-05-13,31,-1
1497,2021-05-12,68,1
1498,2021-05-11,61,1
1499,2021-05-10,72,1
1500,2021-05-09,73,1
1501,2021-05-08,67,1
1502,2021-05-07,64,1
1503,2021-05-06,65,1
1504,2021-05-05,48,0
1505,2021-05-04,68,1
1506,2021-05-03,61,1
1507,2021-05-02,66,1
1508,2021-05-01,68,1
1509,2021-04-30,51,0
1510,2021-04-29,52,0
1511,2021-04-28,59,1
1512,2021-04-27,50,0
1513,2021-04-26,27,-1
1514,2021-04-25,31,-1
1515,2021-04-24,37,-1
1516,2021-04-23,55,1
1517,2021-04-22,65,1
1518,2021-04-21,73,1
1519,2021-04-20,73,1
1520,2021-04-19,74,1
1521,2021-04-18,79,2
1522,2021-04-17,76,2
1523,2021-04-16,78,2
1524,2021-04-15,79,2
1525,2021-04-14,75,1
1526,2021-04-13,74,1
1527,2021-04-12,74,1
1528,2021-04-11,76,2
1529,2021-04-10,70,1
1530,2021-04-09,70,1
1531,2021-04-08,73,1
1532,2021-04-07,72,1
1533,2021-04-06,75,1
1534,2021-04-05,71,1
1535,2021-04-04,74,1
1536,2021-04-03,73,1
1537,2021-04-02,74,1
1538,2021-04-01,74,1
1539,2021-03-31,76,2
1540,2021-03-30,72,1
1541,2021-03-29,72,1
1542,2021-03-28,74,1
1543,2021-03-27,65,1
1544,2021-03-26,54,0
1545,2021-03-25,60,1
1546,2021-03-24,65,1
1547,2021-03-23,66,1
1548,2021-03-22,70,1
1549,2021-03-21,73,1
1550,2021-03-20,75,1
1551,2021-03-19,71,1
1552,2021-03-18,72,1
1553,2021-03-17,71,1
1554,2021-03-16,71,1
1555,2021-03-15,76,2
1556,2021-03-14,78,2
1557,2021-03-13,74,1
1558,2021-03-12,70,1
1559,2021-03-11,73,1
1560,2021-03-10,68,1
1561,2021-03-09,81,2
1562,2021-03-08,81,2
1563,2021-03-07,76,2
1564,2021-03-06,77,2
1565,2021-03-05,77,2
1566,2021-03-04,84,2
1567,2021-03-03,78,2
1568,2021-03-02,78,2
1569,2021-03-01,38,-1
1570,2021-02-28,55,1
1571,2021-02-27,56,1
1572,2021-02-26,55,1
1573,2021-02-25,79,2
1574,2021-02-24,76,2
1575,2021-02-23,94,2
1576,2021-02-22,94,2
1577,2021-02-21,91,2
1578,2021-02-20,91,2
1579,2021-02-19,93,2
1580,2021-02-18,91,2
1581,2021-02-17,95,2
1582,2021-02-16,95,2
1583,2021-02-15,93,2
1584,2021-02-14,95,2
1585,2021-02-13,92,2
1586,2021-02-12,92,2
1587,2021-02-11,93,2
1588,2021-02-10,92,2
1589,2021-02-09,95,2
1590,2021-02-08,83,2
1591,2021-02-07,86,2
1592,2021-02-06,84,2
1593,2021-02-05,81,2
1594,2021-02-04,80,2
1595,2021-02-03,78,2
1596,2021-02-02,76,2
1597,2021-02-01,77,2
1598,2021-01-31,78,2
1599,2021-01-30,76,2
1600,2021-01-29,77,2
1601,2021-01-28,55,1
1602,2021-01-27,78,2
1603,2021-01-26,71,1
1604,2021-01-25,74,1
1605,2021-01-24,70,1
1606,2021-01-23,74,1
1607,2021-01-22,40,-1
1608,2021-01-21,75,1
1609,2021-01-20,78,2
1610,2021-01-19,80,2
1611,2021-01-18,79,2
1612,2021-01-17,79,2
1613,2021-01-16,84,2
1614,2021-01-15,88,2
1615,2021-01-14,83,2
1616,2021-01-13,78,2
1617,2021-01-12,84,2
1618,2021-01-11,90,2
1619,2021-01-10,94,2
1620,2021-01-09,93,2
1621,2021-01-08,93,2
1622,2021-01-07,91,2
1623,2021-01-06,95,2
1624,2021-01-05,93,2
1625,2021-01-04,94,2
1626,2021-01-03,93,2
1627,2021-01-02,94,2
1628,2021-01-01,94,2
1629,2020-12-31,95,2
1630,2020-12-30,91,2
1631,2020-12-29,91,2
1632,2020-12-28,92,2
1633,2020-12-27,91,2
1634,2020-12-26,93,2
1635,2020-12-25,94,2
1636,2020-12-24,86,2
1637,2020-12-23,93,2
1638,2020-12-22,88,2
1639,2020-12-21,92,2
1640,2020-12-20,92,2
1641,2020-12-19,93,2
1642,2020-12-18,95,2
1643,2020-12-17,92,2
1644,2020-12-16,92,2
1645,2020-12-15,91,2
1646,2020-12-14,95,2
1647,2020-12-13,91,2
1648,2020-12-12,90,2
1649,2020-12-11,89,2
1650,2020-12-10,94,2
1651,2020-12-09,86,2
1652,2020-12-08,95,2
1653,2020-12-07,94,2
1654,2020-12-06,95,2
1655,2020-12-05,93,2
1656,2020-12-04,92,2
1657,2020-12-03,92,2
1658,2020-12-02,92,2
1659,2020-12-01,95,2
1660,2020-11-30,88,2
1661,2020-11-29,89,2
1662,2020-11-28,87,2
1663,2020-11-27,86,2
1664,2020-11-26,93,2
1665,2020-11-25,94,2
1666,2020-11-24,88,2
1667,2020-11-23,90,2
1668,2020-11-22,94,2
1669,2020-11-21,91,2
1670,2020-11-20,86,2
1671,2020-11-19,94,2
1672,2020-11-18,91,2
1673,2020-11-17,86,2
1674,2020-11-16,90,2
1675,2020-11-15,86,2
1676,2020-11-14,90,2
1677,2020-11-13,89,2
1678,2020-11-12,87,2
1679,2020-11-11,86,2
1680,2020-11-10,90,2
1681,2020-11-09,90,2
1682,2020-11-08,82,2
1683,2020-11-07,88,2
1684,2020-11-06,90,2
1685,2020-11-05,72,1
1686,2020-11-04,74,1
1687,2020-11-03,71,1
1688,2020-11-02,71,1
1689,2020-11-01,72,1
1690,2020-10-31,73,1
1691,2020-10-30,74,1
1692,2020-10-29,67,1
1693,2020-10-28,70,1
1694,2020-10-27,61,1
1695,2020-10-26,75,1
1696,2020-10-25,76,2
1697,2020-10-24,73,1
1698,2020-10-23,74,1
1699,2020-10-22,73,1
1700,2020-10-21,61,1
1701,2020-10-20,56,1
1702,2020-10-19,55,1
1703,2020-10-18,55,1
1704,2020-10-17,56,1
1705,2020-10-16,52,0
1706,2020-10-15,56,1
1707,2020-10-14,53,0
1708,2020-10-13,56,1
1709,2020-10-12,52,0
1710,2020-10-11,55,1
1711,2020-10-10,53,0
1712,2020-10-09,48,0
1713,2020-10-08,46,-1
1714,2020-10-07,43,-1
1715,2020-10-06,47,0
1716,2020-10-05,42,-1
1717,2020-10-04,42,-1
1718,2020-10-03,40,-1
1719,2020-10-02,41,-1
1720,2020-10-01,45,-1
1721,2020-09-30,49,0
1722,2020-09-29,45,-1
1723,2020-09-28,43,-1
1724,2020-09-27,47,0
1725,2020-09-26,45,-1
1726,2020-09-25,46,-1
1727,2020-09-24,39,-1
1728,2020-09-23,43,-1
1729,2020-09-22,39,-1
1730,2020-09-21,48,0
1731,2020-09-20,52,0
1732,2020-09-19,48,0
1733,2020-09-18,49,0
1734,2020-09-17,48,0
1735,2020-09-16,43,-1
1736,2020-09-15,47,0
1737,2020-09-14,39,-1
1738,2020-09-13,38,-1
1739,2020-09-12,41,-1
1740,2020-09-11,41,-1
1741,2020-09-10,38,-1
1742,2020-09-09,38,-1
1743,2020-09-08,41,-1
1744,2020-09-07,41,-1
1745,2020-09-06,41,-1
1746,2020-09-05,41,-1
1747,2020-09-04,40,-1
1748,2020-09-03,79,2
1749,2020-09-02,83,2
1750,2020-09-01,75,1
1751,2020-08-31,75,1
1752,2020-08-30,75,1
1753,2020-08-29,79,2
1754,2020-08-28,74,1
1755,2020-08-27,75,1
1756,2020-08-26,76,2
1757,2020-08-25,75,1
1758,2020-08-24,78,2
1759,2020-08-23,76,2
1760,2020-08-22,78,2
1761,2020-08-21,81,2
1762,2020-08-20,75,1
1763,2020-08-19,80,2
1764,2020-08-18,82,2
1765,2020-08-17,83,2
1766,2020-08-16,82,2
1767,2020-08-15,79,2
1768,2020-08-14,78,2
1769,2020-08-13,75,1
1770,2020-08-12,75,1
1771,2020-08-11,84,2
1772,2020-08-10,78,2
1773,2020-08-09,79,2
1774,2020-08-08,77,2
1775,2020-08-07,77,2
1776,2020-08-06,79,2
1777,2020-08-05,75,1
1778,2020-08-04,72,1
1779,2020-08-03,75,1
1780,2020-08-02,80,2
1781,2020-08-01,75,1
1782,2020-07-31,75,1
1783,2020-07-30,76,2
1784,2020-07-29,71,1
1785,2020-07-28,76,2
1786,2020-07-27,58,1
1787,2020-07-26,55,1
1788,2020-07-25,55,1
1789,2020-07-24,53,0
1790,2020-07-23,55,1
1791,2020-07-22,50,0
1792,2020-07-21,44,-1
1793,2020-07-20,44,-1
1794,2020-07-19,41,-1
1795,2020-07-18,44,-1
1796,2020-07-17,41,-1
1797,2020-07-16,43,-1
1798,2020-07-15,44,-1
1799,2020-07-14,43,-1
1800,2020-07-13,43,-1
1801,2020-07-12,41,-1
1802,2020-07-11,44,-1
1803,2020-07-10,41,-1
1804,2020-07-09,44,-1
1805,2020-07-08,44,-1
1806,2020-07-07,43,-1
1807,2020-07-06,40,-1
1808,2020-07-05,38,-1
1809,2020-07-04,40,-1
1810,2020-07-03,41,-1
1811,2020-07-02,42,-1
1812,2020-07-01,42,-1
1813,2020-06-30,44,-1
1814,2020-06-29,41,-1
1815,2020-06-28,40,-1
1816,2020-06-27,43,-1
1817,2020-06-26,40,-1
1818,2020-06-25,43,-1
1819,2020-06-24,50,0
1820,2020-06-23,41,-1
1821,2020-06-22,38,-1
1822,2020-06-21,37,-1
1823,2020-06-20,38,-1
1824,2020-06-19,39,-1
1825,2020-06-18,40,-1
1826,2020-06-17,38,-1
1827,2020-06-16,39,-1
1828,2020-06-15,37,-1
1829,2020-06-14,40,-1
1830,2020-06-13,38,-1
1831,2020-06-12,38,-1
1832,2020-06-11,52,0
1833,2020-06-10,54,0
1834,2020-06-09,52,0
1835,2020-06-08,53,0
1836,2020-06-07,54,0
1837,2020-06-06,54,0
1838,2020-06-05,53,0
1839,2020-06-04,54,0
1840,2020-06-03,48,0
1841,2020-06-02,56,1
1842,2020-06-01,50,0
1843,2020-05-31,51,0
1844,2020-05-30,48,0
1845,2020-05-29,48,0
1846,2020-05-28,41,-1
1847,2020-05-27,39,-1
1848,2020-05-26,39,-1
1849,2020-05-25,41,-1
1850,2020-05-24,43,-1
1851,2020-05-23,40,-1
1852,2020-05-22,42,-1
1853,2020-05-21,49,0
1854,2020-05-20,52,0
1855,2020-05-19,50,0
1856,2020-05-18,50,0
1857,2020-05-17,40,-1
1858,2020-05-16,41,-1
1859,2020-05-15,44,-1
1860,2020-05-14,40,-1
1861,2020-05-13,41,-1
1862,2020-05-12,39,-1
1863,2020-05-11,40,-1
1864,2020-05-10,48,0
1865,2020-05-09,56,1
1866,2020-05-08,55,1
1867,2020-05-07,49,0
1868,2020-05-06,42,-1
1869,2020-05-05,40,-1
1870,2020-05-04,44,-1
1871,2020-05-03,45,-1
1872,2020-05-02,40,-1
1873,2020-05-01,40,-1
1874,2020-04-30,44,-1
1875,2020-04-29,26,-1
1876,2020-04-28,26,-1
1877,2020-04-27,28,-1
1878,2020-04-26,21,-2
1879,2020-04-25,24,-2
1880,2020-04-24,20,-2
1881,2020-04-23,19,-2
1882,2020-04-22,19,-2
1883,2020-04-21,17,-2
1884,2020-04-20,15,-2
1885,2020-04-19,16,-2
1886,2020-04-18,18,-2
1887,2020-04-17,15,-2
1888,2020-04-16,13,-2
1889,2020-04-15,18,-2
1890,2020-04-14,15,-2
1891,2020-04-13,11,-2
1892,2020-04-12,10,-2
1893,2020-04-11,15,-2
1894,2020-04-10,15,-2
1895,2020-04-09,22,-2
1896,2020-04-08,21,-2
1897,2020-04-07,20,-2
1898,2020-04-06,12,-2
1899,2020-04-05,12,-2
1900,2020-04-04,12,-2
1901,2020-04-03,14,-2
1902,2020-04-02,14,-2
1903,2020-04-01,12,-2
1904,2020-03-31,12,-2
1905,2020-03-30,10,-2
1906,2020-03-29,12,-2
1907,2020-03-28,8,-2
1908,2020-03-27,12,-2
1909,2020-03-26,14,-2
1910,2020-03-25,13,-2
1911,2020-03-24,12,-2
1912,2020-03-23,10,-2
1913,2020-03-22,11,-2
1914,2020-03-21,9,-2
1915,2020-03-20,9,-2
1916,2020-03-19,12,-2
1917,2020-03-18,11,-2
1918,2020-03-17,8,-2
1919,2020-03-16,9,-2
1920,2020-03-15,12,-2
1921,2020-03-14,8,-2
1922,2020-03-13,10,-2
1923,2020-03-12,14,-2
1924,2020-03-11,17,-2
1925,2020-03-10,16,-2
1926,2020-03-09,17,-2
1927,2020-03-08,33,-1
1928,2020-03-07,38,-1
1929,2020-03-06,39,-1
1930,2020-03-05,41,-1
1931,2020-03-04,40,-1
1932,2020-03-03,38,-1
1933,2020-03-02,38,-1
1934,2020-03-01,39,-1
1935,2020-02-29,38,-1
1936,2020-02-28,40,-1
1937,2020-02-27,39,-1
1938,2020-02-26,41,-1
1939,2020-02-25,44,-1
1940,2020-02-24,46,-1
1941,2020-02-23,46,-1
1942,2020-02-22,43,-1
1943,2020-02-21,44,-1
1944,2020-02-20,44,-1
1945,2020-02-19,50,0
1946,2020-02-18,53,0
1947,2020-02-17,49,0
1948,2020-02-16,59,1
1949,2020-02-15,64,1
1950,2020-02-14,63,1
1951,2020-02-13,65,1
1952,2020-02-12,61,1
1953,2020-02-11,52,0
1954,2020-02-10,57,1
1955,2020-02-09,56,1
1956,2020-02-08,56,1
1957,2020-02-07,56,1
1958,2020-02-06,61,1
1959,2020-02-05,53,0
1960,2020-02-04,56,1
1961,2020-02-03,59,1
1962,2020-02-02,57,1
1963,2020-02-01,57,1
1964,2020-01-31,55,1
1965,2020-01-30,57,1
1966,2020-01-29,57,1
1967,2020-01-28,54,0
1968,2020-01-27,50,0
1969,2020-01-26,42,-1
1970,2020-01-25,41,-1
1971,2020-01-24,40,-1
1972,2020-01-23,49,0
1973,2020-01-22,52,0
1974,2020-01-21,49,0
1975,2020-01-20,48,0
1976,2020-01-19,53,0
1977,2020-01-18,51,0
1978,2020-01-17,54,0
1979,2020-01-16,55,1
1980,2020-01-15,54,0
1981,2020-01-14,56,1
1982,2020-01-13,49,0
1983,2020-01-12,45,-1
1984,2020-01-11,50,0
1985,2020-01-10,41,-1
1986,2020-01-09,44,-1
1987,2020-01-08,51,0
1988,2020-01-07,40,-1
1989,2020-01-06,41,-1
1990,2020-01-05,39,-1
1991,2020-01-04,38,-1
1992,2020-01-03,38,-1
1993,2020-01-02,39,-1
1994,2020-01-01,37,-1
1995,2019-12-31,38,-1
1996,2019-12-30,40,-1
1997,2019-12-29,37,-1
1998,2019-12-28,37,-1
1999,2019-12-27,38,-1
2000,2019-12-26,39,-1
2001,2019-12-25,22,-2
2002,2019-12-24,25,-2
2003,2019-12-23,33,-1
2004,2019-12-22,20,-2
2005,2019-12-21,23,-2
2006,2019-12-20,23,-2
2007,2019-12-19,21,-2
2008,2019-12-18,15,-2
2009,2019-12-17,23,-2
2010,2019-12-16,24,-2
2011,2019-12-15,21,-2
2012,2019-12-14,27,-1
2013,2019-12-13,22,-2
2014,2019-12-12,23,-2
2015,2019-12-11,20,-2
2016,2019-12-10,26,-1
2017,2019-12-09,32,-1
2018,2019-12-08,28,-1
2019,2019-12-07,32,-1
2020,2019-12-06,29,-1
2021,2019-12-05,21,-2
2022,2019-12-04,24,-2
2023,2019-12-03,28,-1
2024,2019-12-02,28,-1
2025,2019-12-01,25,-2
2026,2019-11-30,38,-1
2027,2019-11-29,31,-1
2028,2019-11-28,32,-1
2029,2019-11-27,20,-2
2030,2019-11-26,21,-2
2031,2019-11-25,17,-2
2032,2019-11-24,21,-2
2033,2019-11-23,23,-2
2034,2019-11-22,20,-2
2035,2019-11-21,30,-1
2036,2019-11-20,32,-1
2037,2019-11-19,32,-1
2038,2019-11-18,38,-1
2039,2019-11-17,38,-1
2040,2019-11-16,41,-1
2041,2019-11-15,38,-1
2042,2019-11-14,41,-1
2043,2019-11-13,38,-1
2044,2019-11-12,39,-1
2045,2019-11-11,40,-1
2046,2019-11-10,39,-1
2047,2019-11-09,38,-1
2048,2019-11-08,42,-1
2049,2019-11-07,54,0
2050,2019-11-06,53,0
2051,2019-11-05,54,0
2052,2019-11-04,49,0
2053,2019-11-03,56,1
2054,2019-11-02,51,0
2055,2019-11-01,49,0
2056,2019-10-31,50,0
2057,2019-10-30,53,0
2058,2019-10-29,54,0
2059,2019-10-28,52,0
2060,2019-10-27,50,0
2061,2019-10-26,53,0
2062,2019-10-25,24,-2
2063,2019-10-24,20,-2
2064,2019-10-23,33,-1
2065,2019-10-22,39,-1
2066,2019-10-21,37,-1
2067,2019-10-20,37,-1
2068,2019-10-19,41,-1
2069,2019-10-18,40,-1
2070,2019-10-17,40,-1
2071,2019-10-16,40,-1
2072,2019-10-15,39,-1
2073,2019-10-14,37,-1
2074,2019-10-13,38,-1
2075,2019-10-12,38,-1
2076,2019-10-11,39,-1
2077,2019-10-10,41,-1
2078,2019-10-09,37,-1
2079,2019-10-08,39,-1
2080,2019-10-07,27,-1
2081,2019-10-06,32,-1
2082,2019-10-05,31,-1
2083,2019-10-04,30,-1
2084,2019-10-03,37,-1
2085,2019-10-02,39,-1
2086,2019-10-01,38,-1
2087,2019-09-30,27,-1
2088,2019-09-29,33,-1
2089,2019-09-28,32,-1
2090,2019-09-27,24,-2
2091,2019-09-26,12,-2
2092,2019-09-25,15,-2
2093,2019-09-24,39,-1
2094,2019-09-23,41,-1
2095,2019-09-22,37,-1
2096,2019-09-21,37,-1
2097,2019-09-20,41,-1
2098,2019-09-19,31,-1
2099,2019-09-18,38,-1
2100,2019-09-17,41,-1
2101,2019-09-16,38,-1
2102,2019-09-15,38,-1
2103,2019-09-14,39,-1
2104,2019-09-13,38,-1
2105,2019-09-12,39,-1
2106,2019-09-11,38,-1
2107,2019-09-10,41,-1
2108,2019-09-09,41,-1
2109,2019-09-08,43,-1
2110,2019-09-07,39,-1
2111,2019-09-06,43,-1
2112,2019-09-05,41,-1
2113,2019-09-04,43,-1
2114,2019-09-03,41,-1
2115,2019-09-02,28,-1
2116,2019-09-01,24,-2
2117,2019-08-31,20,-2
2118,2019-08-30,24,-2
2119,2019-08-29,20,-2
2120,2019-08-28,32,-1
2121,2019-08-27,30,-1
2122,2019-08-26,41,-1
2123,2019-08-25,33,-1
2124,2019-08-24,39,-1
2125,2019-08-23,33,-1
2126,2019-08-22,5,-2
2127,2019-08-21,11,-2
2128,2019-08-20,39,-1
2129,2019-08-19,30,-1
2130,2019-08-18,14,-2
2131,2019-08-17,20,-2
2132,2019-08-16,31,-1
2133,2019-08-15,13,-2
2134,2019-08-14,11,-2
2135,2019-08-13,45,-1
2136,2019-08-12,48,0
2137,2019-08-11,45,-1
2138,2019-08-10,59,1
2139,2019-08-09,60,1
2140,2019-08-08,61,1
2141,2019-08-07,45,-1
2142,2019-08-06,66,1
2143,2019-08-05,64,1
2144,2019-08-04,62,1
2145,2019-08-03,61,1
2146,2019-08-02,61,1
2147,2019-08-01,57,1
2148,2019-07-31,31,-1
2149,2019-07-30,22,-2
2150,2019-07-29,19,-2
2151,2019-07-28,16,-2
2152,2019-07-27,47,0
2153,2019-07-26,24,-2
2154,2019-07-25,42,-1
2155,2019-07-24,20,-2
2156,2019-07-23,40,-1
2157,2019-07-22,42,-1
2158,2019-07-21,42,-1
2159,2019-07-20,34,-1
2160,2019-07-19,42,-1
2161,2019-07-18,40,-1
2162,2019-07-17,19,-2
2163,2019-07-16,34,-1
2164,2019-07-15,16,-2
2165,2019-07-14,61,1
2166,2019-07-13,65,1
2167,2019-07-12,33,-1
2168,2019-07-11,62,1
2169,2019-07-10,83,2
2170,2019-07-09,84,2
2171,2019-07-08,74,1
2172,2019-07-07,67,1
2173,2019-07-06,72,1
2174,2019-07-05,67,1
2175,2019-07-04,76,2
2176,2019-07-03,79,2
2177,2019-07-02,63,1
2178,2019-07-01,65,1
2179,2019-06-30,78,2
2180,2019-06-29,74,1
2181,2019-06-28,62,1
2182,2019-06-27,92,2
2183,2019-06-26,95,2
2184,2019-06-25,87,2
2185,2019-06-24,80,2
2186,2019-06-23,84,2
2187,2019-06-22,83,2
2188,2019-06-21,84,2
2189,2019-06-20,81,2
2190,2019-06-19,82,2
2191,2019-06-18,83,2
2192,2019-06-17,84,2
2193,2019-06-16,80,2
2194,2019-06-15,75,1
2195,2019-06-14,67,1
2196,2019-06-13,63,1
2197,2019-06-12,60,1
2198,2019-06-11,61,1
2199,2019-06-10,46,-1
2200,2019-06-09,62,1
2201,2019-06-08,62,1
2202,2019-06-07,27,-1
2203,2019-06-06,34,-1
2204,2019-06-05,27,-1
2205,2019-06-04,42,-1
2206,2019-06-03,66,1
2207,2019-06-02,63,1
2208,2019-06-01,62,1
2209,2019-05-31,61,1
2210,2019-05-30,73,1
2211,2019-05-29,71,1
2212,2019-05-28,71,1
2213,2019-05-27,70,1
2214,2019-05-26,67,1
2215,2019-05-25,69,1
2216,2019-05-24,64,1
2217,2019-05-23,65,1
2218,2019-05-22,69,1
2219,2019-05-21,68,1
2220,2019-05-20,73,1
2221,2019-05-19,70,1
2222,2019-05-18,67,1
2223,2019-05-17,65,1
2224,2019-05-16,75,1
2225,2019-05-15,77,2
2226,2019-05-14,78,2
2227,2019-05-13,78,2
2228,2019-05-12,75,1
2229,2019-05-11,76,2
2230,2019-05-10,71,1
2231,2019-05-09,69,1
2232,2019-05-08,63,1
2233,2019-05-07,69,1
2234,2019-05-06,57,1
2235,2019-05-05,67,1
2236,2019-05-04,66,1
2237,2019-05-03,63,1
2238,2019-05-02,50,0
2239,2019-05-01,51,0
2240,2019-04-30,42,-1
2241,2019-04-29,42,-1
2242,2019-04-28,40,-1
2243,2019-04-27,42,-1
2244,2019-04-26,41,-1
2245,2019-04-25,58,1
2246,2019-04-24,65,1
2247,2019-04-23,68,1
2248,2019-04-22,61,1
2249,2019-04-21,62,1
2250,2019-04-20,62,1
2251,2019-04-19,61,1
2252,2019-04-18,64,1
2253,2019-04-17,61,1
2254,2019-04-16,50,0
2255,2019-04-15,60,1
2256,2019-04-14,51,0
2257,2019-04-13,62,1
2258,2019-04-12,42,-1
2259,2019-04-11,65,1
2260,2019-04-10,62,1
2261,2019-04-09,64,1
2262,2019-04-08,65,1
2263,2019-04-07,69,1
2264,2019-04-06,65,1
2265,2019-04-05,59,1
2266,2019-04-04,61,1
2267,2019-04-03,71,1
2268,2019-04-02,60,1
2269,2019-04-01,62,1
2270,2019-03-31,56,1
2271,2019-03-30,57,1
2272,2019-03-29,50,0
2273,2019-03-28,49,0
2274,2019-03-27,44,-1
2275,2019-03-26,43,-1
2276,2019-03-25,46,-1
2277,2019-03-24,44,-1
2278,2019-03-23,50,0
2279,2019-03-22,56,1
2280,2019-03-21,62,1
2281,2019-03-20,55,1
2282,2019-03-19,56,1
2283,2019-03-18,56,1
2284,2019-03-17,58,1
2285,2019-03-16,54,0
2286,2019-03-15,55,1
2287,2019-03-14,55,1
2288,2019-03-13,54,0
2289,2019-03-12,56,1
2290,2019-03-11,56,1
2291,2019-03-10,55,1
2292,2019-03-09,55,1
2293,2019-03-08,54,0
2294,2019-03-07,56,1
2295,2019-03-06,42,-1
2296,2019-03-05,35,-1
2297,2019-03-04,36,-1
2298,2019-03-03,44,-1
2299,2019-03-02,41,-1
2300,2019-03-01,42,-1
2301,2019-02-28,39,-1
2302,2019-02-27,39,-1
2303,2019-02-26,40,-1
2304,2019-02-25,47,0
2305,2019-02-24,69,1
2306,2019-02-23,63,1
2307,2019-02-22,61,1
2308,2019-02-21,59,1
2309,2019-02-20,59,1
2310,2019-02-19,65,1
2311,2019-02-18,63,1
2312,2019-02-17,38,-1
2313,2019-02-16,43,-1
2314,2019-02-15,43,-1
2315,2019-02-14,48,0
2316,2019-02-13,48,0
2317,2019-02-12,38,-1
2318,2019-02-11,46,-1
2319,2019-02-10,40,-1
2320,2019-02-09,42,-1
2321,2019-02-08,37,-1
2322,2019-02-07,18,-2
2323,2019-02-06,14,-2
2324,2019-02-05,21,-2
2325,2019-02-04,27,-1
2326,2019-02-03,19,-2
2327,2019-02-02,22,-2
2328,2019-02-01,23,-2
2329,2019-01-31,17,-2
2330,2019-01-30,22,-2
2331,2019-01-29,21,-2
2332,2019-01-28,35,-1
2333,2019-01-27,39,-1
2334,2019-01-26,41,-1
2335,2019-01-25,35,-1
2336,2019-01-24,37,-1
2337,2019-01-23,33,-1
2338,2019-01-22,27,-1
2339,2019-01-21,30,-1
2340,2019-01-20,35,-1
2341,2019-01-19,31,-1
2342,2019-01-18,29,-1
2343,2019-01-17,28,-1
2344,2019-01-16,24,-2
2345,2019-01-15,27,-1
2346,2019-01-14,16,-2
2347,2019-01-13,21,-2
2348,2019-01-12,22,-2
2349,2019-01-11,19,-2
2350,2019-01-10,37,-1
2351,2019-01-09,42,-1
2352,2019-01-08,39,-1
2353,2019-01-07,39,-1
2354,2019-01-06,31,-1
2355,2019-01-05,36,-1
2356,2019-01-04,48,0
2357,2019-01-03,33,-1
2358,2019-01-02,30,-1
2359,2019-01-01,24,-2
2360,2018-12-31,26,-1
2361,2018-12-30,23,-2
2362,2018-12-29,24,-2
2363,2018-12-28,21,-2
2364,2018-12-27,29,-1
2365,2018-12-26,26,-1
2366,2018-12-25,33,-1
2367,2018-12-24,25,-2
2368,2018-12-23,31,-1
2369,2018-12-22,28,-1
2370,2018-12-21,35,-1
2371,2018-12-20,27,-1
2372,2018-12-19,21,-2
2373,2018-12-18,23,-2
2374,2018-12-17,17,-2
2375,2018-12-16,13,-2
2376,2018-12-15,11,-2
2377,2018-12-14,10,-2
2378,2018-12-13,14,-2
2379,2018-12-12,14,-2
2380,2018-12-11,15,-2
2381,2018-12-10,19,-2
2382,2018-12-09,14,-2
2383,2018-12-08,11,-2
2384,2018-12-07,11,-2
2385,2018-12-06,13,-2
2386,2018-12-05,19,-2
2387,2018-12-04,12,-2
2388,2018-12-03,17,-2
2389,2018-12-02,15,-2
2390,2018-12-01,13,-2
2391,2018-11-30,19,-2
2392,2018-11-29,18,-2
2393,2018-11-28,14,-2
2394,2018-11-27,11,-2
2395,2018-11-26,17,-2
2396,2018-11-25,9,-2
2397,2018-11-24,15,-2
2398,2018-11-23,12,-2
2399,2018-11-22,14,-2
2400,2018-11-21,15,-2
2401,2018-11-20,21,-2
2402,2018-11-19,28,-1
2403,2018-11-18,26,-1
2404,2018-11-17,24,-2
2405,2018-11-16,23,-2
2406,2018-11-15,28,-1
2407,2018-11-14,49,0
2408,2018-11-13,56,1
2409,2018-11-12,52,0
2410,2018-11-11,54,0
2411,2018-11-10,52,0
2412,2018-11-09,47,0
2413,2018-11-08,51,0
2414,2018-11-07,48,0
2415,2018-11-06,42,-1
2416,2018-11-05,42,-1
2417,2018-11-04,41,-1
2418,2018-11-03,36,-1
2419,2018-11-02,36,-1
2420,2018-11-01,29,-1
2421,2018-10-31,32,-1
2422,2018-10-30,31,-1
2423,2018-10-29,34,-1
2424,2018-10-28,35,-1
2425,2018-10-27,33,-1
2426,2018-10-26,29,-1
2427,2018-10-25,25,-2
2428,2018-10-24,23,-2
2429,2018-10-23,24,-2
2430,2018-10-22,27,-1
2431,2018-10-21,21,-2
2432,2018-10-20,21,-2
2433,2018-10-19,24,-2
2434,2018-10-18,26,-1
2435,2018-10-17,23,-2
2436,2018-10-16,24,-2
2437,2018-10-15,20,-2
2438,2018-10-14,18,-2
2439,2018-10-13,15,-2
2440,2018-10-12,13,-2
2441,2018-10-11,19,-2
2442,2018-10-10,28,-1
2443,2018-10-09,31,-1
2444,2018-10-08,26,-1
2445,2018-10-07,29,-1
2446,2018-10-06,34,-1
2447,2018-10-05,37,-1
2448,2018-10-04,29,-1
2449,2018-10-03,36,-1
2450,2018-10-02,33,-1
2451,2018-10-01,35,-1
2452,2018-09-30,34,-1
2453,2018-09-29,37,-1
2454,2018-09-28,42,-1
2455,2018-09-27,42,-1
2456,2018-09-26,37,-1
2457,2018-09-25,37,-1
2458,2018-09-24,43,-1
2459,2018-09-23,38,-1
2460,2018-09-22,35,-1
2461,2018-09-21,31,-1
2462,2018-09-20,24,-2
2463,2018-09-19,24,-2
2464,2018-09-18,21,-2
2465,2018-09-17,25,-2
2466,2018-09-16,28,-1
2467,2018-09-15,24,-2
2468,2018-09-14,23,-2
2469,2018-09-13,20,-2
2470,2018-09-12,14,-2
2471,2018-09-11,18,-2
2472,2018-09-10,15,-2
2473,2018-09-09,13,-2
2474,2018-09-08,18,-2
2475,2018-09-07,17,-2
2476,2018-09-06,14,-2
2477,2018-09-05,17,-2
2478,2018-09-04,26,-1
2479,2018-09-03,19,-2
2480,2018-09-02,18,-2
2481,2018-09-01,21,-2
2482,2018-08-31,17,-2
2483,2018-08-30,22,-2
2484,2018-08-29,19,-2
2485,2018-08-28,19,-2
2486,2018-08-27,18,-2
2487,2018-08-26,19,-2
2488,2018-08-25,22,-2
2489,2018-08-24,19,-2
2490,2018-08-23,18,-2
2491,2018-08-22,21,-2
2492,2018-08-21,19,-2
2493,2018-08-20,26,-1
2494,2018-08-19,27,-1
2495,2018-08-18,24,-2
2496,2018-08-17,19,-2
2497,2018-08-16,21,-2
2498,2018-08-15,18,-2
2499,2018-08-14,16,-2
2500,2018-08-13,21,-2
2501,2018-08-12,18,-2
2502,2018-08-11,18,-2
2503,2018-08-10,21,-2
2504,2018-08-09,19,-2
2505,2018-08-08,23,-2
2506,2018-08-07,25,-2
2507,2018-08-06,25,-2
2508,2018-08-05,23,-2
2509,2018-08-04,31,-1
2510,2018-08-03,36,-1
2511,2018-08-02,39,-1
2512,2018-08-01,39,-1
2513,2018-07-31,48,0
2514,2018-07-30,53,0
2515,2018-07-29,54,0
2516,2018-07-28,54,0
2517,2018-07-27,47,0
2518,2018-07-26,53,0
2519,2018-07-25,54,0
2520,2018-07-24,49,0
2521,2018-07-23,44,-1
2522,2018-07-22,46,-1
2523,2018-07-21,43,-1
2524,2018-07-20,47,0
2525,2018-07-19,44,-1
2526,2018-07-18,42,-1
2527,2018-07-17,39,-1
2528,2018-07-16,36,-1
2529,2018-07-15,32,-1
2530,2018-07-14,29,-1
2531,2018-07-13,29,-1
2532,2018-07-12,33,-1
2533,2018-07-11,29,-1
2534,2018-07-10,37,-1
2535,2018-07-09,39,-1
2536,2018-07-08,38,-1
2537,2018-07-07,34,-1
2538,2018-07-06,34,-1
2539,2018-07-05,37,-1
2540,2018-07-04,33,-1
2541,2018-07-03,31,-1
2542,2018-07-02,27,-1
2543,2018-07-01,27,-1
2544,2018-06-30,22,-2
2545,2018-06-29,16,-2
2546,2018-06-28,20,-2
2547,2018-06-27,18,-2
2548,2018-06-26,21,-2
2549,2018-06-25,16,-2
2550,2018-06-24,15,-2
2551,2018-06-23,17,-2
2552,2018-06-22,28,-1
2553,2018-06-21,37,-1
2554,2018-06-20,34,-1
2555,2018-06-19,32,-1
2556,2018-06-18,27,-1
2557,2018-06-17,23,-2
2558,2018-06-16,22,-2
2559,2018-06-15,26,-1
2560,2018-06-14,17,-2
2561,2018-06-13,19,-2
2562,2018-06-12,19,-2
2563,2018-06-11,15,-2
2564,2018-06-10,24,-2
2565,2018-06-09,39,-1
2566,2018-06-08,40,-1
2567,2018-06-07,38,-1
2568,2018-06-06,42,-1
2569,2018-06-05,26,-1
2570,2018-06-04,41,-1
2571,2018-06-03,40,-1
2572,2018-06-02,27,-1
2573,2018-06-01,24,-2
2574,2018-05-31,25,-2
2575,2018-05-30,38,-1
2576,2018-05-29,16,-2
2577,2018-05-28,22,-2
2578,2018-05-27,19,-2
2579,2018-05-26,23,-2
2580,2018-05-25,25,-2
2581,2018-05-24,27,-1
2582,2018-05-23,26,-1
2583,2018-05-22,30,-1
2584,2018-05-21,41,-1
2585,2018-05-20,32,-1
2586,2018-05-19,31,-1
2587,2018-05-18,37,-1
2588,2018-05-17,31,-1
2589,2018-05-16,32,-1
2590,2018-05-15,40,-1
2591,2018-05-14,40,-1
2592,2018-05-13,40,-1
2593,2018-05-12,44,-1
2594,2018-05-11,41,-1
2595,2018-05-10,63,1
2596,2018-05-09,53,0
2597,2018-05-08,62,1
2598,2018-05-07,56,1
2599,2018-05-06,67,1
2600,2018-05-05,63,1
2601,2018-05-04,56,1
2602,2018-05-03,55,1
2603,2018-05-02,52,0
2604,2018-05-01,56,1
2605,2018-04-30,59,1
2606,2018-04-29,61,1
2607,2018-04-28,54,0
2608,2018-04-27,55,1
2609,2018-04-26,47,0
2610,2018-04-25,64,1
2611,2018-04-24,29,-1
2612,2018-04-23,28,-1
2613,2018-04-22,31,-1
2614,2018-04-21,32,-1
2615,2018-04-20,26,-1
2616,2018-04-19,25,-2
2617,2018-04-18,24,-2
2618,2018-04-17,26,-1
2619,2018-04-13,23,-2
2620,2018-04-12,18,-2
2621,2018-04-11,20,-2
2622,2018-04-10,18,-2
2623,2018-04-09,21,-2
2624,2018-04-08,17,-2
2625,2018-04-07,20,-2
2626,2018-04-06,19,-2
2627,2018-04-05,17,-2
2628,2018-04-04,22,-2
2629,2018-04-03,22,-2
2630,2018-04-02,11,-2
2631,2018-04-01,16,-2
2632,2018-03-31,16,-2
2633,2018-03-30,12,-2
2634,2018-03-29,18,-2
2635,2018-03-28,24,-2
2636,2018-03-27,24,-2
2637,2018-03-26,31,-1
2638,2018-03-25,30,-1
2639,2018-03-24,32,-1
2640,2018-03-23,28,-1
2641,2018-03-22,36,-1
2642,2018-03-21,36,-1
2643,2018-03-20,37,-1
2644,2018-03-19,29,-1
2645,2018-03-18,29,-1
2646,2018-03-17,31,-1
2647,2018-03-16,33,-1
2648,2018-03-15,32,-1
2649,2018-03-14,40,-1
2650,2018-03-13,41,-1
2651,2018-03-12,41,-1
2652,2018-03-11,40,-1
2653,2018-03-10,39,-1
2654,2018-03-09,37,-1
2655,2018-03-08,39,-1
2656,2018-03-07,37,-1
2657,2018-03-06,59,1
2658,2018-03-05,55,1
2659,2018-03-04,44,-1
2660,2018-03-03,56,1
2661,2018-03-02,47,0
2662,2018-03-01,38,-1
2663,2018-02-28,41,-1
2664,2018-02-27,44,-1
2665,2018-02-26,37,-1
2666,2018-02-25,33,-1
2667,2018-02-24,31,-1
2668,2018-02-23,39,-1
2669,2018-02-22,44,-1
2670,2018-02-21,54,0
2671,2018-02-20,74,1
2672,2018-02-19,67,1
2673,2018-02-18,63,1
2674,2018-02-17,74,1
2675,2018-02-16,67,1
2676,2018-02-15,71,1
2677,2018-02-14,55,1
2678,2018-02-13,35,-1
2679,2018-02-12,42,-1
2680,2018-02-11,31,-1
2681,2018-02-10,54,0
2682,2018-02-09,44,-1
2683,2018-02-08,30,-1
2684,2018-02-07,36,-1
2685,2018-02-06,8,-2
2686,2018-02-05,11,-2
2687,2018-02-04,24,-2
2688,2018-02-03,40,-1
2689,2018-02-02,15,-2
2690,2018-02-01,30,-1
