timestamp,Open,High,Low,Close,Volume
2025-07-16 10:17:00,119242.94,119242.94,119242.75,119242.75,0.00556
2025-07-16 10:18:00,119242.76,119244.03,119150.62,119152.09,1.07201
2025-07-16 10:19:00,119152.09,119217.39,119152.09,119217.39,1.80912
2025-07-16 10:20:00,119218.8,119221.04,119213.91,119219.99,0.029
2025-07-16 10:21:00,119220.0,119244.37,119215.94,119244.37,1.0329
2025-07-16 10:22:00,119244.22,119305.0,119244.08,119305.0,3.40673
2025-07-16 10:23:00,119257.72,119312.0,119234.6,119236.47,2.22728
2025-07-16 10:24:00,119285.09,119291.43,119267.65,119267.65,1.06033
2025-07-16 10:25:00,119267.65,119267.67,119240.82,119240.82,0.47734
2025-07-16 10:26:00,119240.82,119242.08,119234.43,119234.43,0.44007
2025-07-16 10:27:00,119240.82,119240.82,119217.04,119217.04,0.66858
2025-07-16 10:28:00,119189.89,119190.54,119168.05,119175.45,2.50804
2025-07-16 10:29:00,119175.45,119199.17,119168.05,119199.17,1.71462
2025-07-16 10:30:00,119199.17,119199.17,119124.24,119124.24,1.48348
2025-07-16 10:31:00,119124.24,119160.24,119124.0,119158.56,1.41659
2025-07-16 10:32:00,119160.24,119160.24,119115.07,119115.07,0.92165
2025-07-16 10:33:00,119115.08,119116.78,119114.54,119115.08,0.60274
2025-07-16 10:34:00,119115.08,119116.11,119115.0,119115.07,0.32213
2025-07-16 10:35:00,119100.89,119101.04,119000.0,119000.0,1.70047
2025-07-16 10:36:00,119001.05,119001.05,118999.99,119000.0,0.20391
2025-07-16 10:37:00,119000.0,119000.15,118979.84,118979.99,1.25912
2025-07-16 10:38:00,118980.06,118980.06,118935.55,118935.55,1.00538
2025-07-16 10:39:00,118935.55,118935.55,118892.86,118904.72,0.69472
2025-07-16 10:40:00,118904.72,118905.13,118904.21,118905.13,0.03998
2025-07-16 10:41:00,118905.43,118954.83,118900.69,118954.83,1.09622
2025-07-16 10:42:00,118954.83,118956.17,118831.55,118833.74,1.94851
2025-07-16 10:43:00,118862.36,118862.52,118824.7,118824.7,1.1751
2025-07-16 10:44:00,118824.7,118836.98,118820.64,118821.74,1.46459
2025-07-16 10:45:00,118822.14,118834.55,118820.64,118834.55,1.44002
2025-07-16 10:46:00,118834.55,118852.0,118834.54,118840.94,0.48909
2025-07-16 10:47:00,118840.94,118883.54,118840.94,118883.54,1.3691
2025-07-16 10:48:00,118879.86,118900.01,118879.86,118891.79,0.88549
2025-07-16 10:49:00,118891.78,118902.82,118891.77,118902.82,1.30275
2025-07-16 10:50:00,118902.82,118915.08,118902.81,118911.4,1.63797
2025-07-16 10:51:00,118911.4,118911.46,118899.22,118911.46,1.15574
2025-07-16 10:52:00,118911.46,118912.36,118866.57,118866.57,1.01941
2025-07-16 10:53:00,118866.57,118866.58,118865.81,118865.85,0.15885
2025-07-16 10:54:00,118866.53,118872.73,118800.33,118809.63,1.89444
2025-07-16 10:55:00,118800.34,118807.2,118791.88,118791.88,1.83789
2025-07-16 10:56:00,118791.88,118804.7,118755.1,118755.9,1.00978
2025-07-16 10:57:00,118755.9,118755.9,118754.51,118755.63,0.08643
2025-07-16 10:58:00,118755.1,118755.1,118753.1,118753.1,0.08239
2025-07-16 10:59:00,118747.57,118760.08,118747.57,118760.08,0.49062
2025-07-16 11:00:00,118760.0,118769.61,118735.09,118769.61,1.71074
2025-07-16 11:01:00,118778.01,118781.52,118726.0,118728.5,0.74803
2025-07-16 11:02:00,118753.19,118757.73,118741.15,118753.18,0.6276
2025-07-16 11:03:00,118741.15,118748.95,118678.24,118680.0,0.55641
2025-07-16 11:04:00,118680.0,118680.0,118651.45,118668.41,0.32495
2025-07-16 11:05:00,118667.93,118746.96,118667.93,118746.96,3.16156
2025-07-16 11:06:00,118736.38,118831.38,118736.38,118818.65,1.54759
2025-07-16 11:07:00,118818.65,118818.65,118810.45,118810.45,0.61229
2025-07-16 11:08:00,118805.71,118986.95,118780.26,118780.26,2.61827
2025-07-16 11:09:00,118780.26,118835.29,118780.25,118835.29,1.39263
2025-07-16 11:10:00,118804.83,118835.29,118804.82,118829.71,1.14957
2025-07-16 11:11:00,118827.53,118852.35,118827.53,118848.76,0.76556
2025-07-16 11:12:00,118835.57,118835.64,118835.57,118835.64,0.07686
2025-07-16 11:13:00,118835.57,118900.0,118835.57,118900.0,2.15522
2025-07-16 11:14:00,118897.99,118897.99,118857.72,118859.51,1.1083
2025-07-16 11:15:00,118859.51,118865.88,118843.93,118843.93,0.85269
2025-07-16 11:16:00,118841.1,118841.33,118831.0,118831.0,0.46791
2025-07-16 11:17:00,118830.99,118830.99,118786.41,118786.57,1.53953
2025-07-16 11:18:00,118786.57,118813.13,118786.02,118813.13,1.93005
2025-07-16 11:19:00,118813.13,118813.13,118787.52,118787.52,1.17965
2025-07-16 11:20:00,118805.09,118811.27,118805.09,118807.31,1.39426
2025-07-16 11:21:00,118807.31,118807.31,118790.02,118795.22,2.67872
2025-07-16 11:22:00,118817.0,118817.44,118806.15,118806.15,0.5181
2025-07-16 11:23:00,118804.94,118827.02,118804.41,118827.02,2.3203
2025-07-16 11:24:00,118827.02,118843.79,118826.6,118843.79,1.37217
2025-07-16 11:25:00,118843.79,118880.01,118843.79,118880.0,1.85146
2025-07-16 11:26:00,118873.09,118873.09,118864.41,118866.73,0.70973
2025-07-16 11:27:00,118862.48,118865.02,118862.48,118863.61,0.10408
2025-07-16 11:28:00,118863.6,118877.27,118857.04,118877.27,0.7049
2025-07-16 11:29:00,118870.0,118870.0,118868.58,118868.58,0.36659
2025-07-16 11:30:00,118870.01,118881.81,118868.69,118873.11,1.0587
2025-07-16 11:31:00,118874.61,118901.27,118874.61,118901.27,1.1875
2025-07-16 11:32:00,118888.08,118890.59,118888.07,118890.59,0.82034
2025-07-16 11:33:00,118890.92,118890.92,118848.43,118855.32,1.82789
2025-07-16 11:34:00,118854.82,118854.82,118848.4,118848.4,0.0037
2025-07-16 11:35:00,118849.29,118849.82,118848.07,118849.12,0.28974
2025-07-16 11:36:00,118849.29,118849.55,118822.2,118824.79,0.40727
2025-07-16 11:37:00,118824.79,118830.31,118821.16,118825.32,0.76404
2025-07-16 11:38:00,118821.16,118826.22,118817.64,118820.97,0.77156
2025-07-16 11:39:00,118820.97,118822.0,118806.26,118820.97,1.36818
2025-07-16 11:40:00,118820.98,118828.28,118820.98,118827.99,0.90569
2025-07-16 11:41:00,118826.26,118826.26,118826.26,118826.26,0.00042
2025-07-16 11:42:00,118826.26,118839.55,118825.48,118839.2,0.99977
2025-07-16 11:43:00,118839.57,118839.57,118824.05,118826.26,0.37428
2025-07-16 11:44:00,118826.27,118844.9,118826.27,118844.9,1.35663
2025-07-16 11:45:00,118844.92,118856.49,118844.9,118848.99,1.1618
2025-07-16 11:46:00,118849.0,118868.89,118849.0,118868.89,0.7478
2025-07-16 11:47:00,118868.89,118898.28,118846.6,118898.28,1.26513
2025-07-16 11:48:00,118899.0,121983.11,118898.99,118903.49,4.2036
2025-07-16 11:49:00,118903.49,118903.5,118903.49,118903.5,0.03201
2025-07-16 11:50:00,118894.01,118894.01,118894.0,118894.0,0.04395
2025-07-16 11:51:00,118894.01,118899.58,118865.93,118899.58,1.20237
2025-07-16 11:52:00,118899.58,118899.58,118849.01,118849.01,1.13663
2025-07-16 11:53:00,118849.02,118850.51,118849.01,118849.01,0.11883
2025-07-16 11:54:00,118849.02,118849.04,118823.88,118840.55,0.349
2025-07-16 11:55:00,118840.22,118840.56,118798.1,118799.0,1.39138
2025-07-16 11:56:00,118798.11,118805.34,118650.0,118650.0,1.84763
2025-07-16 11:57:00,118760.63,121113.64,118701.51,118773.03,3.69481
2025-07-16 11:58:00,118772.52,118773.17,118720.01,118720.01,0.89058
2025-07-16 11:59:00,118721.07,118732.94,118721.06,118732.94,0.69499
2025-07-16 12:00:00,118732.94,118734.38,118731.69,118732.94,0.28827
2025-07-16 12:01:00,118746.38,118749.43,118735.37,118735.37,0.59948
2025-07-16 12:02:00,118704.79,118705.25,118704.27,118705.25,0.03297
2025-07-16 12:03:00,118704.78,118764.49,118704.78,118764.49,1.14533
2025-07-16 12:04:00,118764.49,118775.94,118764.49,118775.89,1.22514
2025-07-16 12:05:00,118775.89,118793.9,118774.1,118793.9,1.35831
2025-07-16 12:06:00,118793.9,118828.08,118793.74,118828.08,1.00168
2025-07-16 12:07:00,118824.82,118855.9,118824.82,118855.9,1.05963
2025-07-16 12:08:00,118853.51,118869.76,118853.5,118869.76,1.26586
2025-07-16 12:09:00,118869.76,118878.28,118869.76,118878.28,0.51545
2025-07-16 12:10:00,118878.55,118880.0,118874.14,118880.0,0.12151
2025-07-16 12:11:00,118883.53,118883.53,118839.0,118840.0,1.30364
2025-07-16 12:12:00,118840.01,118840.96,118840.0,118840.96,0.37706
2025-07-16 12:13:00,118840.0,118860.0,118840.0,118854.57,0.81701
2025-07-16 12:14:00,118852.94,118852.94,118851.46,118851.46,0.69881
2025-07-16 12:15:00,118851.46,118851.46,118838.28,118838.28,0.43489
2025-07-16 12:16:00,118839.01,118856.87,118839.01,118856.87,1.4529
2025-07-16 12:17:00,118856.87,118887.71,118856.87,118887.7,0.25293
2025-07-16 12:18:00,118887.71,118887.72,118887.71,118887.72,0.2793
2025-07-16 12:19:00,118887.71,118888.0,118855.5,118855.5,1.61706
2025-07-16 12:20:00,118842.95,118842.95,118784.79,118784.79,1.02146
2025-07-16 12:21:00,118784.79,118784.79,118773.5,118778.98,2.99071
2025-07-16 12:22:00,118778.98,118819.99,118778.98,118819.99,1.02408
2025-07-16 12:23:00,118819.97,118846.71,118819.97,118846.71,1.14051
2025-07-16 12:24:00,118847.73,118850.39,118838.54,118848.51,0.86974
2025-07-16 12:25:00,118837.87,118839.56,118832.52,118832.54,0.56386
2025-07-16 12:26:00,118832.53,118834.9,118832.53,118834.9,0.13419
2025-07-16 12:27:00,118834.9,118846.11,118806.01,118812.48,1.87961
2025-07-16 12:28:00,118821.05,118867.65,118805.39,118867.65,2.00081
2025-07-16 12:29:00,118853.1,118891.99,118851.92,118891.42,1.03073
2025-07-16 12:30:00,118891.41,118898.99,118891.4,118891.41,1.17296
2025-07-16 12:31:00,118898.99,118907.14,118783.05,118783.05,1.03039
2025-07-16 12:32:00,118873.3,118873.3,118720.6,118720.6,1.01837
2025-07-16 12:33:00,118720.61,118765.22,118710.42,118765.22,2.724
2025-07-16 12:34:00,118765.22,118951.26,118765.22,118779.41,3.04471
2025-07-16 12:35:00,118941.55,118965.34,118779.41,118945.48,2.03238
2025-07-16 12:36:00,118942.32,119020.01,118942.32,118984.62,1.54641
2025-07-16 12:37:00,118984.29,119049.65,118984.29,119049.21,2.21156
2025-07-16 12:38:00,119049.21,119058.79,119007.94,119007.94,1.66452
2025-07-16 12:39:00,119007.94,119008.42,119003.93,119003.93,1.26821
2025-07-16 12:40:00,119003.93,124100.0,118968.94,120443.03,4.78976
2025-07-16 12:41:00,120443.03,122169.12,118900.15,118900.16,1.73637
2025-07-16 12:42:00,118900.16,118902.43,118900.01,118900.15,0.48891
2025-07-16 12:43:00,118900.16,119100.0,118900.15,118938.23,1.14735
2025-07-16 12:44:00,118938.23,118976.88,118935.74,118974.0,1.62737
2025-07-16 12:45:00,118974.0,118974.06,118938.37,118938.59,1.40402
2025-07-16 12:46:00,118938.6,118960.12,118937.12,118960.12,0.95399
2025-07-16 12:47:00,118940.97,118979.08,118939.89,118978.03,0.23876
2025-07-16 12:48:00,118978.03,118978.19,118920.48,118921.85,0.97058
2025-07-16 12:49:00,118921.85,118922.31,118895.0,118896.09,1.04759
2025-07-16 12:50:00,118896.09,118904.93,118895.0,118904.93,2.27854
2025-07-16 12:51:00,118911.99,118912.0,118899.89,118906.96,0.87674
2025-07-16 12:52:00,118906.1,118906.96,118892.01,118892.01,0.74556
2025-07-16 12:53:00,118892.01,118893.97,118875.85,118875.85,1.24021
2025-07-16 12:54:00,118880.17,118880.17,118856.65,118856.65,0.05813
2025-07-16 12:55:00,118856.65,118856.65,118827.91,118827.91,0.28942
2025-07-16 12:56:00,118828.16,118836.96,118812.87,118836.96,1.11572
2025-07-16 12:57:00,118837.73,118837.73,118700.0,118700.72,1.97077
2025-07-16 12:58:00,118700.72,118700.72,118632.3,118632.3,2.13261
2025-07-16 12:59:00,118632.31,118650.08,118632.0,118650.01,2.02619
2025-07-16 13:00:00,118650.08,118653.05,118614.6,118630.06,3.02022
2025-07-16 13:01:00,118630.06,118630.06,118553.55,118567.67,2.25247
2025-07-16 13:02:00,118568.41,118584.64,118568.41,118580.32,1.16145
2025-07-16 13:03:00,118580.32,118584.64,118448.04,118455.03,1.24935
2025-07-16 13:04:00,118454.08,118455.63,118418.1,118418.1,1.70766
2025-07-16 13:05:00,118418.1,118493.69,118418.1,118493.51,1.74058
2025-07-16 13:06:00,118493.69,118548.0,118493.69,118547.99,2.09285
2025-07-16 13:07:00,118547.99,118556.0,118540.49,118555.99,2.04261
2025-07-16 13:08:00,118555.99,118612.48,118526.93,118612.3,1.32663
2025-07-16 13:09:00,118612.3,118621.19,118612.3,118620.02,2.26699
2025-07-16 13:10:00,118621.19,118623.06,118590.01,118590.01,1.27608
2025-07-16 13:11:00,118590.01,118590.44,118578.15,118578.15,1.02937
2025-07-16 13:12:00,118587.31,118590.43,118558.71,118571.82,1.54929
2025-07-16 13:13:00,118575.57,118699.87,118572.96,118572.96,1.90674
2025-07-16 13:14:00,118607.25,118646.45,118607.25,118643.49,1.44857
2025-07-16 13:15:00,118645.42,118688.95,118639.46,118688.95,1.86009
2025-07-16 13:16:00,118688.95,118736.0,118688.95,118729.95,0.88026
2025-07-16 13:17:00,118728.77,118728.77,118717.63,118717.63,0.27209
2025-07-16 13:18:00,118718.18,118718.97,118708.98,118717.63,1.22461
2025-07-16 13:19:00,118717.64,118725.7,118717.64,118725.7,1.29687
2025-07-16 13:20:00,118739.99,118804.83,118739.99,118804.83,3.11133
2025-07-16 13:21:00,118804.83,118809.1,118788.45,118809.1,0.21776
2025-07-16 13:22:00,118811.29,118811.29,118796.3,118796.3,0.19109
2025-07-16 13:23:00,118796.3,118796.91,118764.36,118764.96,1.38797
2025-07-16 13:24:00,118765.53,118765.53,118724.15,118724.15,1.44731
2025-07-16 13:25:00,118724.52,118740.31,118718.87,118738.9,1.38311
2025-07-16 13:26:00,118742.38,118749.91,118720.01,118744.82,1.3414
2025-07-16 13:27:00,118744.82,118745.23,118735.1,118735.12,0.91817
2025-07-16 13:28:00,118735.12,118796.91,118733.21,118796.91,2.11672
2025-07-16 13:29:00,118794.91,118799.0,118786.47,118797.67,1.90617
2025-07-16 13:30:00,118798.29,118807.18,118756.71,118756.71,2.29444
2025-07-16 13:31:00,118756.71,118756.71,118659.73,118674.13,1.58973
2025-07-16 13:32:00,118674.13,118773.58,118673.65,118737.35,1.90826
2025-07-16 13:33:00,118773.58,118836.06,118728.99,118836.06,1.56726
2025-07-16 13:34:00,118836.06,118900.0,118748.28,118899.05,1.71399
2025-07-16 13:35:00,118900.0,118901.03,118873.73,118873.73,0.26607
2025-07-16 13:36:00,118873.73,118900.02,118873.66,118899.99,0.60466
2025-07-16 13:37:00,118895.99,118895.99,118730.16,118730.16,0.9419
2025-07-16 13:38:00,118733.48,118854.08,118676.0,118676.02,1.28155
2025-07-16 13:39:00,118676.02,118684.29,118674.74,118684.29,0.77309
2025-07-16 13:40:00,118684.29,118684.29,118500.0,118500.01,2.04889
2025-07-16 13:41:00,118500.02,118500.02,118423.36,118445.31,2.19815
2025-07-16 13:42:00,118445.31,118496.1,118439.13,118496.1,0.99136
2025-07-16 13:43:00,118496.1,118496.1,118339.99,118339.99,1.11328
2025-07-16 13:44:00,118349.64,118363.73,118325.25,118326.8,1.41073
2025-07-16 13:45:00,118326.8,118356.14,118325.21,118325.21,1.86848
2025-07-16 13:46:00,118362.1,118368.0,118290.42,118366.0,1.50652
2025-07-16 13:47:00,118366.0,118368.15,118331.21,118368.15,2.23683
2025-07-16 13:48:00,118368.15,118456.04,118331.21,118456.04,1.3014
2025-07-16 13:49:00,118464.0,118518.68,118348.0,118351.37,1.19944
2025-07-16 13:50:00,118354.83,118370.76,118348.33,118370.0,1.32814
2025-07-16 13:51:00,118370.0,118382.08,118341.44,118382.08,2.31988
2025-07-16 13:52:00,118382.08,118383.08,118292.08,118293.91,0.61341
2025-07-16 13:53:00,118293.91,118382.93,118291.68,118382.78,2.11821
2025-07-16 13:54:00,118382.79,118391.18,118380.41,118391.18,1.80507
2025-07-16 13:55:00,118396.67,118412.45,118340.8,118340.81,0.20913
2025-07-16 13:56:00,118340.81,118380.0,118333.58,118380.0,3.80697
2025-07-16 13:57:00,118380.0,118588.21,118378.56,118588.21,1.94915
2025-07-16 13:58:00,118499.59,118723.91,118391.11,118720.41,3.05063
2025-07-16 13:59:00,118725.18,118725.92,118713.04,118715.69,0.53602
2025-07-16 14:00:00,118715.69,118741.71,118700.01,118741.71,3.61627
2025-07-16 14:01:00,118735.01,118735.01,118699.75,118708.35,1.1639
2025-07-16 14:02:00,118693.14,118694.09,118662.51,118662.51,1.85539
2025-07-16 14:03:00,118649.15,118722.35,118649.15,118676.7,2.18262
2025-07-16 14:04:00,118690.44,118692.31,118650.24,118681.68,2.3046
2025-07-16 14:05:00,118681.68,118699.82,118681.68,118696.05,1.45642
2025-07-16 14:06:00,118699.82,200000.0,118682.12,118753.44,2.49396
2025-07-16 14:07:00,118753.44,124091.53,118649.15,118649.15,2.87294
2025-07-16 14:08:00,118670.08,119000.0,118540.0,118558.01,0.93979
2025-07-16 14:09:00,118560.0,118561.75,118498.25,118523.28,1.98643
2025-07-16 14:10:00,118523.28,118561.75,118429.67,118439.12,2.32894
2025-07-16 14:11:00,118439.12,122850.61,118411.84,118414.19,2.77693
2025-07-16 14:12:00,118414.19,118480.49,118411.84,118480.49,2.01839
2025-07-16 14:13:00,118480.49,118484.93,118475.93,118480.0,1.31403
2025-07-16 14:14:00,118483.87,118483.87,118400.27,118483.87,1.98273
2025-07-16 14:15:00,118483.87,118488.8,118299.02,118299.02,2.84216
2025-07-16 14:16:00,118379.9,118385.55,118293.02,118333.29,2.29708
2025-07-16 14:17:00,118338.48,118338.48,118235.37,118305.22,2.3564
2025-07-16 14:18:00,118305.44,118332.0,118300.3,118300.3,2.48279
2025-07-16 14:19:00,118332.0,118416.0,117757.28,118413.51,1.82959
2025-07-16 14:20:00,118414.21,118431.57,118413.51,118431.57,0.4949
2025-07-16 14:21:00,118436.55,118448.07,118372.55,118372.55,1.42617
2025-07-16 14:22:00,118372.55,118413.85,118372.55,118412.88,0.80615
2025-07-16 14:23:00,118413.85,118413.85,118372.55,118372.55,1.71612
2025-07-16 14:24:00,118373.02,118374.93,118362.25,118362.25,0.57934
2025-07-16 14:25:00,118377.87,118431.32,118362.25,118376.23,2.5333
2025-07-16 14:26:00,118376.23,118431.32,118332.33,118332.33,0.83481
2025-07-16 14:27:00,118333.55,118392.57,118331.05,118392.57,2.63305
2025-07-16 14:28:00,118392.58,118430.96,118392.57,118430.95,2.15897
2025-07-16 14:29:00,118430.95,118434.54,118430.04,118430.95,0.2861
2025-07-16 14:30:00,118430.95,118444.21,118429.62,118444.21,0.9982
2025-07-16 14:31:00,118444.21,118619.86,118425.1,118425.1,1.88657
2025-07-16 14:32:00,118467.7,118620.0,118425.1,118533.94,0.72636
2025-07-16 14:33:00,118533.94,118535.23,118446.63,118446.63,1.35426
2025-07-16 14:34:00,118436.62,118551.75,118357.76,118357.76,2.57764
2025-07-16 14:35:00,118412.0,118412.0,118357.76,118373.68,0.71252
2025-07-16 14:36:00,118374.57,118388.9,118317.06,118328.09,2.52295
2025-07-16 14:37:00,118330.46,118389.54,118328.09,118351.97,0.9927
2025-07-16 14:38:00,118389.54,118430.23,118351.97,118406.89,1.34574
2025-07-16 14:39:00,118407.91,118408.1,118350.0,118399.75,1.08128
2025-07-16 14:40:00,118404.71,118490.7,118399.75,118490.23,1.48819
2025-07-16 14:41:00,118490.23,118493.68,118456.64,118456.64,1.109
2025-07-16 14:42:00,118456.64,118463.39,118373.56,118463.39,1.78349
2025-07-16 14:43:00,118463.39,118573.68,118373.43,118573.68,2.1744
2025-07-16 14:44:00,118573.68,118600.73,118300.0,118600.26,2.68385
2025-07-16 14:45:00,118600.26,118664.74,118600.26,118664.72,1.63201
2025-07-16 14:46:00,118664.72,118683.56,118659.99,118665.7,1.8322
2025-07-16 14:47:00,118661.27,118730.69,118661.27,118661.27,1.65188
2025-07-16 14:48:00,118726.24,118822.09,118659.96,118659.96,3.53624
2025-07-16 14:49:00,118822.03,118866.87,118700.0,118821.89,2.19997
2025-07-16 14:50:00,118821.89,118918.73,118821.89,118898.0,1.33112
2025-07-16 14:51:00,118898.0,118959.99,118897.38,118920.17,2.30738
2025-07-16 14:52:00,118945.6,118970.18,118920.17,118957.49,1.92306
2025-07-16 14:53:00,118957.49,119005.23,118957.49,118999.59,1.47262
2025-07-16 14:54:00,118999.59,118999.59,118776.04,118873.08,1.58405
2025-07-16 14:55:00,118812.65,118953.24,118799.98,118953.06,0.70243
2025-07-16 14:56:00,118953.06,118977.42,118855.82,118965.57,2.8624
2025-07-16 14:57:00,118963.24,119208.01,118960.92,119200.0,2.04502
2025-07-16 14:58:00,119200.0,119200.01,119085.17,119085.17,1.13799
2025-07-16 14:59:00,119071.01,119071.01,119022.17,119022.17,0.60714
2025-07-16 15:00:00,118997.2,119075.99,118997.1,119070.0,1.27845
2025-07-16 15:01:00,119079.0,119086.88,119058.99,119070.01,0.79548
2025-07-16 15:02:00,119058.99,119058.99,118776.97,119007.96,2.66187
2025-07-16 15:03:00,119009.77,119059.89,119001.55,119050.0,2.29429
2025-07-16 15:04:00,119053.63,119300.0,119050.0,119296.8,2.79271
2025-07-16 15:05:00,119296.8,119523.51,119296.8,119300.87,1.82096
2025-07-16 15:06:00,119300.87,119668.96,119300.87,119660.89,1.63601
2025-07-16 15:07:00,119660.89,119725.0,119609.38,119611.68,1.72792
2025-07-16 15:08:00,119614.3,119652.0,119535.56,119583.74,1.0755
2025-07-16 15:09:00,119583.11,119633.21,119582.55,119633.21,1.45884
2025-07-16 15:10:00,119632.65,119669.71,119632.64,119638.23,1.70885
2025-07-16 15:11:00,119638.23,119718.11,119635.44,119635.44,1.01296
2025-07-16 15:12:00,119635.44,119719.13,119462.11,119462.11,2.40695
2025-07-16 15:13:00,119462.11,119719.13,119397.59,119397.59,2.30393
2025-07-16 15:14:00,119425.98,119425.98,119174.37,119174.37,1.19317
2025-07-16 15:15:00,119174.38,119175.06,119171.87,119171.87,0.968
2025-07-16 15:16:00,119175.21,119208.64,118839.04,119207.71,2.81124
2025-07-16 15:17:00,119207.71,119213.28,118956.74,118956.75,1.70623
2025-07-16 15:18:00,118956.75,119154.09,118956.74,118986.33,2.82625
2025-07-16 15:19:00,119148.28,119181.01,119083.22,119083.22,2.11181
2025-07-16 15:20:00,119083.22,119150.47,119083.22,119105.33,1.24628
2025-07-16 15:21:00,119105.33,119143.46,119064.18,119141.45,1.74884
2025-07-16 15:22:00,119141.45,119143.46,118972.29,118972.29,1.01297
2025-07-16 15:23:00,118974.37,119216.02,118972.27,119211.94,1.88922
2025-07-16 15:24:00,119211.94,119229.92,119114.15,119114.15,1.67879
2025-07-16 15:25:00,119114.15,119263.83,119114.15,119263.83,0.8965
2025-07-16 15:26:00,119263.83,119284.42,119262.04,119262.04,1.29407
2025-07-16 15:27:00,119262.04,119399.99,119261.92,119390.0,1.63614
2025-07-16 15:28:00,119390.0,119451.59,119389.92,119451.59,1.50303
2025-07-16 15:29:00,119451.59,119477.51,119451.45,119470.17,2.57475
2025-07-16 15:30:00,119474.37,119523.43,119265.67,119325.56,1.32006
2025-07-16 15:31:00,119325.56,119412.33,119265.67,119269.05,1.34523
2025-07-16 15:32:00,119287.72,119412.33,119183.9,119184.71,2.14644
2025-07-16 15:33:00,119184.71,119244.31,119140.62,119142.01,1.92511
2025-07-16 15:34:00,119143.53,119143.53,119064.28,119117.96,1.87633
2025-07-16 15:35:00,119117.96,119117.96,119028.0,119028.01,1.7679
2025-07-16 15:36:00,119028.0,119044.2,118818.67,118994.81,1.81435
2025-07-16 15:37:00,118994.81,118994.81,117752.66,118474.08,2.27846
2025-07-16 15:38:00,118474.08,118723.48,118455.99,118590.51,1.59944
2025-07-16 15:39:00,118590.51,119012.78,118454.99,118673.35,2.61389
2025-07-16 15:40:00,118673.35,118675.34,118652.53,118664.23,0.40046
2025-07-16 15:41:00,118664.24,118664.24,118590.53,118590.53,2.01875
2025-07-16 15:42:00,118602.05,118711.07,118590.53,118703.99,3.35474
2025-07-16 15:43:00,118711.07,118773.48,118703.99,118764.03,2.8506
2025-07-16 15:44:00,118764.03,118982.33,118764.03,118897.33,1.13042
2025-07-16 15:45:00,118897.33,118999.96,118897.33,118982.85,1.80183
2025-07-16 15:46:00,118982.85,119033.08,118965.9,119031.37,1.23563
2025-07-16 15:47:00,119031.37,119104.09,119012.49,119103.66,1.21965
2025-07-16 15:48:00,119103.66,119153.62,119103.66,119153.62,1.68615
2025-07-16 15:49:00,119151.74,200000.0,119123.6,119182.69,2.99406
2025-07-16 15:50:00,119182.68,119296.84,119182.68,119295.63,2.41565
2025-07-16 15:51:00,119295.63,119297.64,119269.14,119297.64,1.25011
2025-07-16 15:52:00,119298.75,122192.3,119202.9,119202.9,2.75296
2025-07-16 15:53:00,119344.95,119410.71,119119.98,119171.83,1.54868
2025-07-16 15:54:00,119175.85,119289.18,119171.83,119210.38,2.9029
2025-07-16 15:55:00,119210.38,119291.46,119210.38,119285.4,1.45179
2025-07-16 15:56:00,119285.4,119291.5,119011.13,119035.77,2.41938
2025-07-16 15:57:00,119065.08,119194.0,119008.18,119008.18,1.13228
2025-07-16 15:58:00,119009.6,119020.42,118980.29,118989.6,1.55609
2025-07-16 15:59:00,118989.76,118989.76,118969.49,118969.49,2.43485
2025-07-16 16:00:00,118978.35,123930.68,118916.66,118916.66,3.22912
2025-07-16 16:01:00,119008.71,119112.41,118916.66,118994.44,1.34845
2025-07-16 16:02:00,119003.13,119003.13,118927.93,118927.93,1.14884
2025-07-16 16:03:00,118937.61,118937.61,118916.91,118916.91,0.84491
2025-07-16 16:04:00,118918.46,118918.46,118808.91,118808.91,2.21272
2025-07-16 16:05:00,118874.86,118908.5,118755.99,118811.33,0.90927
2025-07-16 16:06:00,118811.33,118872.93,118809.05,118862.36,1.42234
2025-07-16 16:07:00,118862.36,118874.78,118747.57,118747.57,2.0831
2025-07-16 16:08:00,118828.0,118828.01,118652.67,118652.67,1.75687
2025-07-16 16:09:00,118652.67,118828.01,117029.46,118586.83,2.77042
2025-07-16 16:10:00,118586.83,118640.0,118586.83,118620.0,1.24766
2025-07-16 16:11:00,118620.0,118640.93,118617.68,118640.06,1.07661
2025-07-16 16:12:00,118640.06,118739.85,118587.14,118710.27,3.19092
2025-07-16 16:13:00,118710.27,118804.17,118210.06,118804.17,2.14925
2025-07-16 16:14:00,118801.2,118809.0,118660.16,118809.0,1.6456
2025-07-16 16:15:00,118808.08,118816.01,118743.1,118743.1,1.19787
2025-07-16 16:16:00,118743.1,118743.98,118724.8,118726.01,1.02171
2025-07-16 16:17:00,118726.0,118729.6,118719.99,118719.99,0.98542
2025-07-16 16:18:00,118726.01,118806.47,118719.99,118804.83,1.05097
2025-07-16 16:19:00,118804.82,118951.26,118782.21,118845.25,2.03978
2025-07-16 16:20:00,118864.23,118928.28,118841.2,118924.14,1.92898
2025-07-16 16:21:00,118924.14,118981.34,118924.06,118968.75,1.81895
2025-07-16 16:22:00,118968.75,119072.12,118968.75,119032.43,2.5368
2025-07-16 16:23:00,119032.43,119138.85,119032.43,119134.16,3.17268
2025-07-16 16:24:00,119139.19,119166.6,119133.69,119166.37,1.42073
2025-07-16 16:25:00,119166.37,119224.3,119166.37,119224.3,0.70773
2025-07-16 16:26:00,119224.3,119235.87,119212.47,119212.47,0.75146
2025-07-16 16:27:00,119212.47,119212.49,118925.37,119125.61,1.4818
2025-07-16 16:28:00,119115.87,119167.54,119114.67,119164.04,2.01446
2025-07-16 16:29:00,119161.68,119184.28,119145.35,119146.0,1.43437
2025-07-16 16:30:00,119151.82,119193.3,119096.23,119096.23,2.61043
2025-07-16 16:31:00,119189.85,119240.01,119163.19,119240.0,2.18225
2025-07-16 16:32:00,119240.0,119281.2,119239.38,119239.38,2.13994
2025-07-16 16:33:00,119239.38,200000.0,119226.52,119226.52,3.6302
2025-07-16 16:34:00,119226.66,119929.85,119196.38,119198.91,1.88029
2025-07-16 16:35:00,119198.91,119209.55,119196.38,119199.99,0.72743
2025-07-16 16:36:00,119199.99,119200.0,119169.81,119169.81,1.82582
2025-07-16 16:37:00,119169.81,119169.82,119024.29,119041.48,1.36925
2025-07-16 16:38:00,119041.48,119864.43,119034.0,119034.0,1.79432
2025-07-16 16:39:00,119034.87,119080.21,119034.0,119080.21,1.01577
2025-07-16 16:40:00,119080.21,119151.2,117029.46,119151.19,4.73106
2025-07-16 16:41:00,119151.19,119151.8,119126.21,119126.21,0.74833
2025-07-16 16:42:00,119142.65,119150.02,119142.37,119142.37,1.02283
2025-07-16 16:43:00,119150.02,119196.41,119148.0,119150.0,1.48345
2025-07-16 16:44:00,119150.45,119150.45,119110.83,119113.71,1.34658
2025-07-16 16:45:00,119113.71,119130.43,119084.99,119085.0,0.28768
2025-07-16 16:46:00,119085.01,119085.01,119056.8,119056.8,1.64233
2025-07-16 16:47:00,119056.8,119063.54,119016.71,119016.71,3.01769
2025-07-16 16:48:00,119026.2,119050.31,119008.67,119050.04,2.10775
2025-07-16 16:49:00,119050.04,119086.5,119050.04,119056.79,1.55192
2025-07-16 16:50:00,119065.01,119114.84,119058.42,119085.34,0.5261
2025-07-16 16:51:00,119085.34,119132.0,119082.22,119112.3,1.86279
2025-07-16 16:52:00,119112.3,119147.38,119112.3,119141.71,1.13237
2025-07-16 16:53:00,119141.71,119235.98,119141.71,119211.92,2.02434
2025-07-16 16:54:00,119211.92,119218.29,119211.92,119211.92,0.67899
2025-07-16 16:55:00,119211.92,119271.78,119211.92,119271.78,2.0106
2025-07-16 16:56:00,119271.78,119272.93,119230.07,119230.28,1.39579
2025-07-16 16:57:00,119267.18,119279.86,119230.28,119230.28,1.01802
2025-07-16 16:58:00,119230.28,119239.55,119226.3,119239.17,0.67531
2025-07-16 16:59:00,119239.17,119253.53,119239.17,119253.37,1.22583
2025-07-16 17:00:00,119254.2,119263.85,119200.95,119200.95,1.17767
2025-07-16 17:01:00,119261.75,119284.42,119097.79,119284.41,0.53204
2025-07-16 17:02:00,119284.41,119300.0,119284.41,119299.85,1.72398
2025-07-16 17:03:00,119299.85,119324.43,119299.85,119324.39,1.87166
2025-07-16 17:04:00,119324.4,119365.22,119056.96,119363.91,3.41186
2025-07-16 17:05:00,119363.91,119388.01,119259.93,119388.01,2.10945
2025-07-16 17:06:00,119259.93,119388.01,119229.23,119229.84,1.13039
2025-07-16 17:07:00,119229.84,119388.01,119228.88,119282.93,1.39994
2025-07-16 17:08:00,119282.93,119284.37,119255.27,119270.12,0.08108
2025-07-16 17:09:00,119270.13,119305.49,119264.19,119280.01,2.03962
2025-07-16 17:10:00,119280.0,119280.01,119240.81,119240.82,0.77833
2025-07-16 17:11:00,119240.82,119241.33,119206.74,119206.74,1.42091
2025-07-16 17:12:00,119206.76,119234.11,119204.93,119234.1,0.82984
2025-07-16 17:13:00,119234.1,119235.94,119219.99,119221.17,0.84321
2025-07-16 17:14:00,119221.17,119235.49,119220.45,119235.49,1.45092
2025-07-16 17:15:00,119232.64,119240.0,119213.8,119230.06,0.81053
2025-07-16 17:16:00,119230.08,119230.76,119202.42,119202.42,0.64588
2025-07-16 17:17:00,119202.43,119287.29,119202.42,119202.42,1.51362
2025-07-16 17:18:00,119211.73,119339.99,119202.42,119339.07,1.07171
2025-07-16 17:19:00,119339.07,119353.5,119333.26,119352.44,1.32745
2025-07-16 17:20:00,119352.44,119360.0,119330.0,119330.0,1.23014
2025-07-16 17:21:00,119364.75,119462.28,119330.0,119374.98,0.7209
2025-07-16 17:22:00,119374.99,119417.47,119374.98,119417.47,1.19759
2025-07-16 17:23:00,119381.41,119462.28,119375.08,119457.11,1.34809
2025-07-16 17:24:00,119457.11,119473.09,119457.11,119473.09,1.88374
2025-07-16 17:25:00,119459.81,119496.17,119422.39,119422.39,1.59999
2025-07-16 17:26:00,119426.55,119587.77,119422.39,119483.66,2.16924
2025-07-16 17:27:00,119522.98,119655.55,119483.66,119650.39,1.9381
2025-07-16 17:28:00,119650.39,119655.55,119584.76,119631.71,0.43457
2025-07-16 17:29:00,119631.71,119645.07,119624.18,119624.18,2.47495
2025-07-16 17:30:00,119625.13,119635.89,119584.77,119605.73,2.55698
2025-07-16 17:31:00,119635.89,119641.86,119605.65,119621.13,0.85326
2025-07-16 17:32:00,119621.13,119641.84,119620.2,119633.21,1.50517
2025-07-16 17:33:00,119633.51,120020.82,119631.14,119658.09,2.68022
2025-07-16 17:34:00,119658.09,119661.58,119623.77,119623.78,1.26787
2025-07-16 17:35:00,119623.78,119648.4,119623.78,119648.4,0.65142
2025-07-16 17:36:00,119646.94,119648.66,119646.94,119648.4,0.15244
2025-07-16 17:37:00,119648.4,119651.0,119648.37,119648.59,0.25547
2025-07-16 17:38:00,119648.59,119664.62,119647.8,119663.25,1.3653
2025-07-16 17:39:00,119663.26,119670.0,119662.89,119665.99,3.13038
2025-07-16 17:40:00,119665.99,119670.66,119521.63,119521.63,1.61495
2025-07-16 17:41:00,119524.51,119524.51,119508.05,119517.02,1.99618
2025-07-16 17:42:00,119514.16,119537.9,119474.91,119474.91,2.14691
2025-07-16 17:43:00,119479.28,119599.45,119334.35,119335.37,1.81264
2025-07-16 17:44:00,119335.37,119335.38,119305.19,119305.19,1.04171
2025-07-16 17:45:00,119305.19,119310.88,119305.19,119310.88,1.07489
2025-07-16 17:46:00,119310.88,119339.02,119310.7,119328.02,2.50858
2025-07-16 17:47:00,119328.02,119454.14,119320.0,119451.17,1.46829
2025-07-16 17:48:00,119451.17,119470.19,119403.24,119404.01,1.59513
2025-07-16 17:49:00,119404.01,119404.01,119391.99,119391.99,1.26206
2025-07-16 17:50:00,119399.83,119400.83,119307.88,119307.88,2.54173
2025-07-16 17:51:00,119347.92,119369.21,119186.87,119186.87,2.69715
2025-07-16 17:52:00,119187.64,119194.16,119185.61,119194.16,0.85163
2025-07-16 17:53:00,119194.16,119195.12,119186.75,119186.76,0.53214
2025-07-16 17:54:00,119186.75,119188.19,119180.01,119180.01,0.87213
2025-07-16 17:55:00,119180.01,119186.84,118987.76,118988.08,1.69395
2025-07-16 17:56:00,118988.08,119045.98,118985.74,119045.98,1.94012
2025-07-16 17:57:00,119045.98,119095.94,119045.78,119089.55,2.08539
2025-07-16 17:58:00,119095.94,119106.0,119089.55,119095.93,0.42809
2025-07-16 17:59:00,119095.94,119098.9,119088.16,119095.94,0.05071
2025-07-16 18:00:00,119082.78,119087.01,119078.78,119087.01,1.56375
2025-07-16 18:01:00,119078.78,119087.01,119066.42,119076.03,0.68
2025-07-16 18:02:00,119066.42,119067.66,119055.61,119067.64,0.40688
2025-07-16 18:03:00,119067.66,119067.68,118880.27,118970.18,2.40415
2025-07-16 18:04:00,118970.19,119020.54,118880.07,118880.07,2.45429
2025-07-16 18:05:00,118880.07,119142.25,118880.07,119142.25,1.59609
2025-07-16 18:06:00,119045.84,119267.39,118879.19,119267.39,2.16283
2025-07-16 18:07:00,119114.71,119443.31,118879.19,119380.43,0.80067
2025-07-16 18:08:00,119380.21,119416.33,119380.21,119416.33,1.23488
2025-07-16 18:09:00,119416.33,119416.89,119403.36,119412.88,0.87921
2025-07-16 18:10:00,119412.89,119446.68,119412.88,119446.68,1.14743
2025-07-16 18:11:00,119446.68,119446.69,119267.32,119279.99,2.01526
2025-07-16 18:12:00,119348.14,119348.14,119328.01,119328.01,0.4588
2025-07-16 18:13:00,119328.02,119346.92,119328.0,119346.92,1.24749
2025-07-16 18:14:00,119346.92,119396.3,119341.13,119341.13,1.20822
2025-07-16 18:15:00,119341.13,119345.59,119284.41,119339.75,2.66436
2025-07-16 18:16:00,119339.75,119366.73,119333.5,119366.73,0.83127
2025-07-16 18:17:00,119366.71,119388.48,119366.71,119386.64,0.978
2025-07-16 18:18:00,119386.51,119389.6,119317.68,119317.68,1.31418
2025-07-16 18:19:00,119324.25,119324.25,119232.67,119232.67,1.36229
2025-07-16 18:20:00,119304.91,119324.25,119154.17,119154.17,0.95617
2025-07-16 18:21:00,119154.17,119171.72,119148.14,119148.14,1.81149
2025-07-16 18:22:00,119171.72,119207.13,119139.16,119195.8,1.61628
2025-07-16 18:23:00,119195.99,119224.59,119195.79,119222.66,2.87195
2025-07-16 18:24:00,119222.66,119231.93,119222.66,119231.93,0.62995
2025-07-16 18:25:00,119231.86,119232.18,119177.89,119177.89,0.93816
2025-07-16 18:26:00,119177.89,119180.0,119148.82,119168.22,2.3056
2025-07-16 18:27:00,119168.22,119168.22,119143.66,119158.69,0.46442
2025-07-16 18:28:00,119162.41,119196.09,119158.68,119196.08,1.43116
2025-07-16 18:29:00,119196.09,119206.21,119194.78,119206.21,0.5494
2025-07-16 18:30:00,119204.35,119209.9,119186.76,119209.9,1.91608
2025-07-16 18:31:00,119209.9,119307.69,119186.76,119285.89,1.52717
2025-07-16 18:32:00,119307.69,119388.84,119285.89,119388.84,1.45857
2025-07-16 18:33:00,119385.35,119429.35,119285.89,119403.59,1.79542
2025-07-16 18:34:00,119404.63,119573.24,119403.59,119573.24,1.79555
2025-07-16 18:35:00,119573.24,119576.54,119573.14,119576.54,0.76537
2025-07-16 18:36:00,119579.81,119608.05,119577.6,119607.23,1.19962
2025-07-16 18:37:00,119607.23,119617.28,119607.17,119617.27,1.4062
2025-07-16 18:38:00,119617.27,119617.99,119615.98,119617.27,0.03477
2025-07-16 18:39:00,119617.27,119618.1,119576.61,119576.61,0.94602
2025-07-16 18:40:00,119587.92,119617.42,119529.64,119529.64,1.64687
2025-07-16 18:41:00,119529.64,119573.72,119529.64,119560.46,0.73307
2025-07-16 18:42:00,119561.14,119629.5,119560.47,119592.95,1.83144
2025-07-16 18:43:00,119593.71,119593.71,119567.29,119570.52,0.64982
2025-07-16 18:44:00,119570.52,119623.49,119570.48,119621.27,1.48514
2025-07-16 18:45:00,119621.27,119830.0,119621.26,119830.0,1.83857
2025-07-16 18:46:00,119750.0,119904.95,119709.99,119859.9,3.00223
2025-07-16 18:47:00,119859.9,119861.51,119851.02,119854.2,1.98404
2025-07-16 18:48:00,119854.2,119854.2,119682.3,119682.31,1.01492
2025-07-16 18:49:00,119682.31,119764.3,119654.74,119747.41,1.83416
2025-07-16 18:50:00,119747.41,119817.86,119681.38,119681.38,1.55225
2025-07-16 18:51:00,119694.0,119703.22,119598.42,119598.42,1.07327
2025-07-16 18:52:00,119601.19,119601.21,119535.44,119581.58,1.03229
2025-07-16 18:53:00,119581.58,119582.38,119510.34,119510.34,0.73071
2025-07-16 18:54:00,119510.34,119548.25,119471.33,119544.58,2.00818
2025-07-16 18:55:00,119544.58,119583.84,119544.58,119566.76,0.69794
2025-07-16 18:56:00,119566.76,119566.77,119541.19,119553.14,1.73463
2025-07-16 18:57:00,119553.14,119578.17,119553.13,119566.79,0.69767
2025-07-16 18:58:00,119566.79,119599.02,119557.8,119584.01,1.53565
2025-07-16 18:59:00,119584.01,119585.0,119551.14,119551.14,0.61118
2025-07-16 19:00:00,119551.14,119569.46,119533.92,119569.46,3.35379
2025-07-16 19:01:00,119560.54,119618.54,119533.92,119610.0,1.3007
2025-07-16 19:02:00,119610.0,119624.1,119607.04,119607.04,0.59196
2025-07-16 19:03:00,119614.08,119630.23,119605.58,119630.22,1.23515
2025-07-16 19:04:00,119630.22,119634.59,119552.42,119552.42,3.0027
2025-07-16 19:05:00,119553.65,119553.65,119500.0,119500.8,1.85339
2025-07-16 19:06:00,119500.8,119500.8,119466.73,119469.39,1.36228
2025-07-16 19:07:00,119469.39,119476.84,119455.45,119476.84,0.17651
2025-07-16 19:08:00,119476.84,119507.15,119467.09,119504.15,2.76996
2025-07-16 19:09:00,119504.15,119506.0,119413.94,119506.0,1.84006
2025-07-16 19:10:00,119432.9,119506.77,119338.07,119344.03,3.19646
2025-07-16 19:11:00,119344.03,119344.03,119316.26,119316.27,0.68575
2025-07-16 19:12:00,119316.27,119317.85,119314.28,119317.85,0.73136
2025-07-16 19:13:00,119317.85,119322.1,119289.66,119299.09,1.38717
2025-07-16 19:14:00,119299.09,119299.09,119271.18,119271.18,0.47595
2025-07-16 19:15:00,119272.42,119272.42,119256.36,119260.0,0.04043
2025-07-16 19:16:00,119261.62,119261.62,119243.82,119247.18,0.74621
2025-07-16 19:17:00,119243.82,119247.18,119189.1,119189.1,0.80286
2025-07-16 19:18:00,119189.1,119193.55,119154.59,119154.59,0.92149
2025-07-16 19:19:00,119154.59,119203.15,119154.59,119203.15,0.69729
2025-07-16 19:20:00,119203.15,119207.47,119175.1,119207.47,0.15655
2025-07-16 19:21:00,119207.47,119226.4,119175.1,119222.2,2.3027
2025-07-16 19:22:00,119222.2,119240.63,119221.52,119231.61,1.01372
2025-07-16 19:23:00,119231.61,119241.79,119218.94,119224.53,1.38625
2025-07-16 19:24:00,119224.53,119294.66,119214.21,119294.65,1.96903
2025-07-16 19:25:00,119294.65,119299.99,119269.99,119276.98,1.22014
2025-07-16 19:26:00,119276.99,119302.17,119276.98,119302.17,1.32842
2025-07-16 19:27:00,119302.17,119317.31,119302.17,119317.31,0.82227
2025-07-16 19:28:00,119317.31,119317.55,119146.61,119146.61,1.74786
2025-07-16 19:29:00,119146.62,119182.83,119145.93,119182.65,0.90467
2025-07-16 19:30:00,119182.82,119182.82,119050.0,119050.0,2.89827
2025-07-16 19:31:00,119096.87,119185.63,118911.99,118920.11,2.18177
2025-07-16 19:32:00,118920.11,118971.46,118919.99,118941.69,0.42872
2025-07-16 19:33:00,118941.69,118941.69,118888.32,118888.32,1.18097
2025-07-16 19:34:00,118888.32,118888.32,118874.78,118874.78,0.42856
2025-07-16 19:35:00,118874.78,118913.16,118874.78,118913.16,2.45156
2025-07-16 19:36:00,118913.3,118947.93,118912.86,118947.73,1.54292
2025-07-16 19:37:00,118947.73,118968.74,118947.54,118960.94,1.2113
2025-07-16 19:38:00,118960.94,118969.82,118894.18,118894.35,1.09376
2025-07-16 19:39:00,118894.35,118908.33,118881.58,118892.04,1.89329
2025-07-16 19:40:00,118892.04,118893.75,118891.58,118892.04,0.46542
2025-07-16 19:41:00,118893.75,118960.91,118893.75,118939.84,1.34368
2025-07-16 19:42:00,118939.84,118941.87,118890.92,118891.11,1.38604
2025-07-16 19:43:00,118891.11,118891.55,118886.73,118886.73,0.29764
2025-07-16 19:44:00,118886.16,118888.08,118884.44,118884.9,0.37195
2025-07-16 19:45:00,118884.9,118921.38,118884.9,118909.29,1.69509
2025-07-16 19:46:00,118916.0,118947.08,118890.0,118890.01,2.54
2025-07-16 19:47:00,118890.01,119056.0,118889.8,119055.99,3.28343
2025-07-16 19:48:00,119055.99,119063.89,118796.0,119063.89,1.77098
2025-07-16 19:49:00,119023.65,119133.07,119011.75,119133.07,1.88565
2025-07-16 19:50:00,119133.06,119133.07,119128.47,119129.77,0.55059
2025-07-16 19:51:00,119129.77,119129.77,119093.02,119124.35,0.99059
2025-07-16 19:52:00,119124.35,119225.49,119124.01,119170.13,1.90396
2025-07-16 19:53:00,119170.35,119273.4,119169.06,119271.38,2.05264
2025-07-16 19:54:00,119271.38,119306.21,119271.38,119297.04,0.85388
2025-07-16 19:55:00,119297.05,119297.29,119208.79,119208.79,1.30767
2025-07-16 19:56:00,119208.79,119208.79,119083.16,119136.4,1.69566
2025-07-16 19:57:00,119136.53,119210.34,119136.4,119207.16,0.76758
2025-07-16 19:58:00,119207.94,119207.95,119180.0,119189.65,1.69458
2025-07-16 19:59:00,119189.63,119211.31,119187.65,119211.31,1.45726
2025-07-16 20:00:00,119211.31,119312.2,119193.61,119193.61,2.38244
2025-07-16 20:01:00,119194.83,119198.67,119123.94,119198.66,1.07305
2025-07-16 20:02:00,119198.66,119198.72,119183.14,119183.14,0.48242
2025-07-16 20:03:00,119183.92,119225.99,119182.61,119225.99,1.6786
2025-07-16 20:04:00,119182.61,119405.02,119181.3,119243.52,1.50492
2025-07-16 20:05:00,119243.51,119260.36,119243.51,119260.36,1.96928
2025-07-16 20:06:00,119260.36,119302.48,119243.51,119302.48,1.81007
2025-07-16 20:07:00,119248.14,119248.15,119147.62,119147.62,1.13038
2025-07-16 20:08:00,119157.78,119249.16,119145.64,119160.0,1.21792
2025-07-16 20:09:00,119162.0,119162.48,119118.98,119118.98,1.03811
2025-07-16 20:10:00,119133.91,119162.49,119118.97,119125.65,0.33009
2025-07-16 20:11:00,119125.65,119125.65,118999.98,118999.98,2.86139
2025-07-16 20:12:00,119049.19,119094.75,118998.79,119073.56,1.70568
2025-07-16 20:13:00,119049.93,119184.15,118999.99,119184.03,1.22681
2025-07-16 20:14:00,119184.03,119247.99,119184.03,119192.29,1.75547
2025-07-16 20:15:00,119192.29,119276.94,119192.29,119248.15,0.66701
2025-07-16 20:16:00,119248.15,119250.89,119222.14,119224.28,0.71053
2025-07-16 20:17:00,119222.14,119256.8,119220.02,119252.01,1.79218
2025-07-16 20:18:00,119251.99,119303.04,119251.57,119303.04,3.42913
2025-07-16 20:19:00,119294.18,119294.18,119228.33,119229.52,0.75601
2025-07-16 20:20:00,119229.17,119303.84,119229.16,119300.63,1.85163
2025-07-16 20:21:00,119300.63,119316.71,119300.63,119312.79,2.11193
2025-07-16 20:22:00,119316.71,119316.71,119281.51,119281.51,0.71294
2025-07-16 20:23:00,119281.51,119312.61,119280.31,119312.61,2.23639
2025-07-16 20:24:00,119312.61,119388.76,119306.15,119373.51,1.59214
2025-07-16 20:25:00,119370.13,119433.07,119368.77,119404.02,1.9397
2025-07-16 20:26:00,119404.02,119441.62,119404.02,119441.62,1.17961
2025-07-16 20:27:00,119441.62,119441.62,119440.28,119440.29,0.22692
2025-07-16 20:28:00,119440.9,119447.23,119440.02,119447.23,1.61574
2025-07-16 20:29:00,119447.23,119577.4,119438.1,119550.3,2.09498
2025-07-16 20:30:00,119550.3,119554.72,119540.33,119543.36,1.58835
2025-07-16 20:31:00,119543.37,119561.66,119540.42,119540.6,0.89409
2025-07-16 20:32:00,119540.42,119610.01,119538.02,119610.0,1.51788
2025-07-16 20:33:00,119610.0,119626.07,119592.02,119626.07,2.34128
2025-07-16 20:34:00,119592.02,119659.29,119289.08,119659.29,1.58707
2025-07-16 20:35:00,119653.3,119701.28,119653.3,119695.43,2.02303
2025-07-16 20:36:00,119701.28,119731.92,119690.8,119690.8,0.81966
2025-07-16 20:37:00,119690.8,119702.55,119658.18,119658.39,0.57312
2025-07-16 20:38:00,119658.39,119680.4,119633.42,119633.42,2.55449
2025-07-16 20:39:00,119680.4,119725.0,119633.42,119722.84,1.54387
2025-07-16 20:40:00,119725.0,119774.63,119722.3,119758.61,3.5076
2025-07-16 20:41:00,119774.63,119774.63,119720.39,119744.19,1.22376
2025-07-16 20:42:00,119746.35,119771.92,119744.19,119768.9,1.39066
2025-07-16 20:43:00,119771.92,119847.99,119768.9,119847.92,1.8194
2025-07-16 20:44:00,119847.81,119900.0,119847.81,119899.99,1.69241
2025-07-16 20:45:00,119899.99,119918.0,119844.09,119908.66,2.92243
2025-07-16 20:46:00,119908.66,119911.08,119782.68,119802.31,1.99695
2025-07-16 20:47:00,119811.99,119911.56,119749.99,119750.0,1.55814
2025-07-16 20:48:00,119750.0,119755.58,119749.97,119755.58,0.14858
2025-07-16 20:49:00,119755.57,119755.6,119754.02,119754.35,0.74351
2025-07-16 20:50:00,119752.94,119754.35,119690.7,119714.81,2.09275
2025-07-16 20:51:00,119714.79,119725.73,119714.79,119722.81,0.62422
2025-07-16 20:52:00,119724.79,119725.04,119602.4,119724.79,1.01269
2025-07-16 20:53:00,119724.79,119740.0,119724.77,119740.0,0.87502
2025-07-16 20:54:00,119738.9,119740.79,119722.31,119722.31,0.5748
2025-07-16 20:55:00,119740.79,119740.79,119680.01,119680.01,1.10371
2025-07-16 20:56:00,119680.01,119683.13,119663.03,119672.66,0.51942
2025-07-16 20:57:00,119672.67,119672.67,119636.3,119656.66,0.03117
2025-07-16 20:58:00,119656.67,119671.61,119655.36,119671.61,1.86041
2025-07-16 20:59:00,119671.61,119886.26,119655.11,119876.62,2.68297
2025-07-16 21:00:00,119876.62,120010.08,119876.62,119920.51,1.85208
2025-07-16 21:01:00,119946.52,120010.25,119920.51,119961.57,0.28126
2025-07-16 21:02:00,119958.53,120014.64,119958.52,120014.29,1.91978
2025-07-16 21:03:00,120014.29,120016.27,119990.56,119992.08,0.57623
2025-07-16 21:04:00,119992.08,120008.85,119992.08,120005.02,0.24873
2025-07-16 21:05:00,120006.68,120008.01,119987.37,119987.37,0.70913
2025-07-16 21:06:00,119987.37,119987.38,119841.19,119841.19,1.56189
2025-07-16 21:07:00,119843.6,119878.0,119838.51,119878.0,1.86769
2025-07-16 21:08:00,119878.01,119986.82,119835.92,119983.98,1.73444
2025-07-16 21:09:00,119983.97,119997.71,119915.64,119915.64,1.27933
2025-07-16 21:10:00,119915.65,119963.58,119915.64,119963.58,1.29567
2025-07-16 21:11:00,119963.58,119978.19,119953.52,119978.19,0.56585
2025-07-16 21:12:00,119978.19,119992.11,119978.18,119992.11,1.14845
2025-07-16 21:13:00,119992.11,119997.95,119992.11,119993.75,0.94084
2025-07-16 21:14:00,119993.75,119994.74,119977.87,119989.32,1.60757
2025-07-16 21:15:00,119989.32,120016.36,119927.69,119927.69,4.23897
2025-07-16 21:16:00,119968.16,120066.67,119781.07,119782.14,3.37567
2025-07-16 21:17:00,119783.05,120066.67,119780.64,119797.17,1.69659
2025-07-16 21:18:00,119797.17,119818.92,119756.46,119756.46,1.40887
2025-07-16 21:19:00,119756.7,119756.7,119756.46,119756.47,0.14133
2025-07-16 21:20:00,119756.47,119840.01,119711.19,119840.01,3.27105
2025-07-16 21:21:00,119828.87,119851.23,119813.37,119813.38,1.75855
2025-07-16 21:22:00,119813.38,119818.3,119770.99,119784.8,1.6975
2025-07-16 21:23:00,119784.8,119790.99,119784.8,119790.99,1.29782
2025-07-16 21:24:00,119809.5,119843.82,119705.94,119819.98,4.07627
2025-07-16 21:25:00,119819.98,119852.4,119819.98,119852.25,1.26924
2025-07-16 21:26:00,119852.24,119864.99,119843.81,119860.0,2.02896
2025-07-16 21:27:00,119860.0,119869.67,119859.95,119860.0,1.41665
2025-07-16 21:28:00,119860.0,119860.77,119842.49,119843.75,0.78773
2025-07-16 21:29:00,119843.75,119940.79,119818.93,119940.78,1.96203
2025-07-16 21:30:00,119940.78,119943.77,119936.96,119937.91,1.16877
2025-07-16 21:31:00,119936.97,119936.97,119910.54,119910.54,0.4028
2025-07-16 21:32:00,119910.54,119910.54,119867.01,119881.78,2.11544
2025-07-16 21:33:00,119881.78,119881.78,119810.66,119810.66,1.23228
2025-07-16 21:34:00,119810.67,119810.67,119793.66,119794.03,0.81572
2025-07-16 21:35:00,119794.5,119794.5,119778.49,119783.47,1.17328
2025-07-16 21:36:00,119787.47,119801.05,119787.47,119801.05,1.86582
2025-07-16 21:37:00,119797.59,119801.05,119786.05,119786.05,1.0391
2025-07-16 21:38:00,119786.05,119796.24,119547.68,119553.64,2.85723
2025-07-16 21:39:00,119553.64,119568.59,119553.64,119568.59,1.46832
2025-07-16 21:40:00,119568.59,119583.32,119544.45,119583.32,1.91887
2025-07-16 21:41:00,119588.04,119602.65,119580.63,119580.63,0.97031
2025-07-16 21:42:00,119579.28,119641.86,119579.28,119641.86,2.63842
2025-07-16 21:43:00,119641.75,119646.5,119465.64,119465.64,1.83544
2025-07-16 21:44:00,119465.67,119465.67,119441.88,119445.57,1.44038
2025-07-16 21:45:00,119448.93,119448.93,119404.99,119406.43,1.74168
2025-07-16 21:46:00,119415.24,119448.58,119400.02,119446.67,2.37771
2025-07-16 21:47:00,119446.67,119473.04,119446.6,119473.04,1.8283
2025-07-16 21:48:00,119473.05,119474.37,119469.63,119474.37,0.70012
2025-07-16 21:49:00,119476.15,119476.16,119292.36,119467.64,2.5303
2025-07-16 21:50:00,119463.1,119491.1,119463.1,119491.1,1.66222
2025-07-16 21:51:00,119489.5,119507.16,119291.51,119499.01,2.32561
2025-07-16 21:52:00,119499.02,119519.44,119499.02,119517.18,1.42915
2025-07-16 21:53:00,119517.17,119520.0,119506.92,119515.86,0.23122
2025-07-16 21:54:00,119517.17,119519.98,119510.07,119517.17,0.03926
2025-07-16 21:55:00,119517.18,119519.43,119514.56,119517.18,0.06212
2025-07-16 21:56:00,119511.26,119520.0,119494.5,119494.5,0.59513
2025-07-16 21:57:00,119494.5,119550.49,119446.96,119447.28,2.63448
2025-07-16 21:58:00,119447.28,119448.16,119382.81,119448.16,1.8178
2025-07-16 21:59:00,119444.02,119448.16,119266.99,119297.65,1.24516
2025-07-16 22:00:00,119297.65,119311.4,119297.22,119297.64,0.82082
2025-07-16 22:01:00,119297.65,119361.53,119291.75,119361.52,0.9061
2025-07-16 22:02:00,119361.53,119424.99,119361.52,119424.98,1.29938
2025-07-16 22:03:00,119424.98,119425.17,119372.71,119372.71,1.02682
2025-07-16 22:04:00,119374.78,119425.01,119333.29,119333.29,0.8453
2025-07-16 22:05:00,119333.31,119333.31,119328.01,119328.01,0.38065
2025-07-16 22:06:00,119329.75,119342.62,119320.95,119342.61,0.67776
2025-07-16 22:07:00,119343.09,119343.09,119296.04,119296.04,1.47748
2025-07-16 22:08:00,119296.04,119299.17,30000.0,119244.01,2.62273
2025-07-16 22:09:00,119240.81,119244.1,119210.37,119210.38,1.15559
2025-07-16 22:10:00,119210.37,119246.65,119210.07,119242.42,3.22597
2025-07-16 22:11:00,119246.65,119291.77,119245.52,119253.09,1.33543
2025-07-16 22:12:00,119253.11,119281.65,119253.09,119281.65,1.31804
2025-07-16 22:13:00,119279.98,119346.52,119279.98,119282.89,1.82224
2025-07-16 22:14:00,119282.89,119325.43,119282.2,119317.91,1.42565
2025-07-16 22:15:00,119317.91,119335.11,119317.91,119335.11,1.33645
2025-07-16 22:16:00,119330.32,119335.66,119235.52,119316.42,1.51284
2025-07-16 22:17:00,119316.4,119365.62,119300.0,119365.62,1.47073
2025-07-16 22:18:00,119299.72,119400.0,119299.72,119400.0,1.36671
2025-07-16 22:19:00,119400.0,119438.97,119364.79,119415.61,1.11339
2025-07-16 22:20:00,119412.62,119460.52,119397.76,119460.51,0.7042
2025-07-16 22:21:00,119460.51,119460.52,119456.52,119456.52,1.04436
2025-07-16 22:22:00,119456.52,119456.52,119353.12,119353.12,0.74361
2025-07-16 22:23:00,119353.12,119353.94,119321.51,119321.51,0.95714
2025-07-16 22:24:00,119318.9,119343.5,119318.9,119334.0,1.64073
2025-07-16 22:25:00,119348.35,119413.62,119240.0,119240.0,2.65169
2025-07-16 22:26:00,119243.01,119413.62,119215.82,119240.93,2.37212
2025-07-16 22:27:00,119240.93,119252.73,119210.13,119210.13,1.95388
2025-07-16 22:28:00,119210.89,119235.13,119192.31,119205.2,2.72186
2025-07-16 22:29:00,119206.01,119207.35,119199.33,119207.35,0.92143
2025-07-16 22:30:00,119200.0,119214.12,119170.29,119214.12,2.5999
2025-07-16 22:31:00,119210.02,119214.48,119210.02,119214.19,0.51309
2025-07-16 22:32:00,119214.19,119215.39,119186.17,119186.76,1.76443
2025-07-16 22:33:00,119186.76,119187.97,119108.54,119114.0,1.12879
2025-07-16 22:34:00,119114.0,119118.35,119074.84,119104.59,1.35805
2025-07-16 22:35:00,119104.59,119117.02,119104.59,119117.02,1.07605
2025-07-16 22:36:00,119119.78,119120.82,119110.72,119110.72,0.51808
2025-07-16 22:37:00,119110.71,119110.96,119053.92,119053.92,1.61176
2025-07-16 22:38:00,119038.07,119038.26,118999.91,118999.91,1.93077
2025-07-16 22:39:00,119012.35,119012.35,118970.18,118970.18,0.66453
2025-07-16 22:40:00,118970.18,119003.01,118969.86,118999.65,1.62075
2025-07-16 22:41:00,118998.53,118998.54,118995.06,118998.54,0.73503
2025-07-16 22:42:00,118982.86,118982.86,118944.12,118958.07,1.70572
2025-07-16 22:43:00,118958.06,118958.06,118925.31,118925.31,1.21405
2025-07-16 22:44:00,118923.68,118939.98,118919.99,118939.98,0.52487
2025-07-16 22:45:00,118964.3,119017.89,118964.06,118997.2,2.64381
2025-07-16 22:46:00,118997.2,118997.2,118875.93,118875.93,0.99692
2025-07-16 22:47:00,118875.93,118876.18,118833.79,118834.01,0.30978
2025-07-16 22:48:00,118834.0,119173.56,118680.98,119173.56,2.45503
2025-07-16 22:49:00,118705.87,118705.87,118637.82,118638.84,1.0481
2025-07-16 22:50:00,118638.84,118638.84,118611.99,118612.27,1.3495
2025-07-16 22:51:00,118612.01,118645.67,118611.99,118645.67,2.15328
2025-07-16 22:52:00,118645.67,118652.65,118630.43,118652.65,0.61482
2025-07-16 22:53:00,118651.87,118663.83,118651.85,118663.83,0.7409
2025-07-16 22:54:00,118662.5,118717.37,118662.5,118680.01,1.47425
2025-07-16 22:55:00,118680.01,118688.33,118679.99,118681.25,1.07923
2025-07-16 22:56:00,118680.5,118712.63,118680.5,118712.63,1.31565
2025-07-16 22:57:00,118712.48,118713.65,118680.35,118680.35,0.39904
2025-07-16 22:58:00,118678.47,118679.33,118658.04,118658.04,3.0768
2025-07-16 22:59:00,118636.01,118646.23,118636.01,118642.1,1.30242
2025-07-16 23:00:00,118639.35,118648.0,118638.84,118647.35,1.12894
2025-07-16 23:01:00,118636.59,118646.56,118634.13,118646.56,0.37164
2025-07-16 23:02:00,118646.56,118646.56,118646.56,118646.56,0.00392
2025-07-16 23:03:00,118646.29,118646.55,118586.09,118586.09,0.74457
2025-07-16 23:04:00,118585.73,118585.73,118549.93,118550.96,1.12807
2025-07-16 23:05:00,118549.93,118550.96,118541.18,118541.18,0.78186
2025-07-16 23:06:00,118541.18,118588.46,118541.16,118588.46,1.47086
2025-07-16 23:07:00,118595.98,118619.98,118591.47,118591.47,0.08713
2025-07-16 23:08:00,118591.46,118605.99,118590.29,118605.99,1.25533
2025-07-16 23:09:00,118605.99,118618.36,118605.99,118606.11,1.8609
2025-07-16 23:10:00,118606.11,118614.08,118560.0,118560.01,1.79602
2025-07-16 23:11:00,118560.01,118560.08,118550.02,118550.81,1.81992
2025-07-16 23:12:00,118550.01,118550.02,118545.36,118545.36,1.10361
2025-07-16 23:13:00,118542.84,118563.77,118541.57,118563.77,1.88964
2025-07-16 23:14:00,118563.82,118585.36,118563.82,118585.36,1.0841
2025-07-16 23:15:00,118585.36,118585.36,118583.83,118585.36,0.00422
2025-07-16 23:16:00,118585.36,118585.37,118519.04,118519.04,1.18132
2025-07-16 23:17:00,118519.04,118519.04,118500.0,118500.0,1.02463
2025-07-16 23:18:00,118499.9,118499.9,118429.24,118429.24,1.69689
2025-07-16 23:19:00,118431.85,118431.85,118419.99,118419.99,0.45724
2025-07-16 23:20:00,118420.01,118521.08,118420.0,118521.08,1.31215
2025-07-16 23:21:00,118488.33,118606.84,118419.99,118606.49,1.83295
2025-07-16 23:22:00,118606.49,118607.33,118590.66,118594.46,0.77485
2025-07-16 23:23:00,118599.16,118621.03,118533.7,118621.03,2.52184
2025-07-16 23:24:00,118617.69,118637.89,118617.69,118637.89,2.13657
2025-07-16 23:25:00,118623.63,118656.89,118608.13,118609.17,0.90153
2025-07-16 23:26:00,118609.17,118610.77,118599.88,118600.26,1.27265
2025-07-16 23:27:00,118600.26,118633.92,118600.0,118633.92,1.56487
2025-07-16 23:28:00,118633.92,118634.59,118633.92,118634.59,0.35138
2025-07-16 23:29:00,118634.59,118650.44,118634.59,118650.44,1.84126
2025-07-16 23:30:00,118650.44,118655.41,118650.01,118650.44,0.03962
2025-07-16 23:31:00,118650.44,118650.44,118633.69,118635.11,1.00753
2025-07-16 23:32:00,118630.43,118630.43,118613.26,118625.13,1.29173
2025-07-16 23:33:00,118631.78,118641.07,118629.63,118629.63,1.02091
2025-07-16 23:34:00,118630.51,118665.53,118621.99,118622.0,0.92677
2025-07-16 23:35:00,118622.0,118622.85,118604.99,118622.85,0.38284
2025-07-16 23:36:00,118623.61,118649.91,118620.3,118649.9,0.87242
2025-07-16 23:37:00,118649.9,118676.42,118649.57,118676.42,2.38586
2025-07-16 23:38:00,118676.42,118755.0,118676.42,118755.0,1.22587
2025-07-16 23:39:00,118754.45,118754.45,118700.01,118739.98,0.91157
2025-07-16 23:40:00,118738.39,118781.56,118738.39,118781.56,1.58876
2025-07-16 23:41:00,118781.56,118786.0,118773.0,118773.0,1.40859
2025-07-16 23:42:00,118773.77,118817.0,118773.77,118816.73,1.13692
2025-07-16 23:43:00,118816.73,118817.59,118789.35,118796.18,1.34416
2025-07-16 23:44:00,118800.0,118814.91,118800.0,118814.91,1.36144
2025-07-16 23:45:00,118818.01,118818.01,118817.89,118817.89,0.00265
2025-07-16 23:46:00,118818.01,118818.01,118818.01,118818.01,0.0002
2025-07-16 23:47:00,118818.01,118819.29,118818.0,118818.0,0.00412
2025-07-16 23:48:00,118818.0,118818.01,118792.28,118792.28,1.0086
2025-07-16 23:49:00,118795.99,118795.99,118792.36,118792.36,0.0018
2025-07-16 23:50:00,118792.28,118792.29,118722.09,118725.49,0.86214
2025-07-16 23:51:00,118728.01,118728.99,118680.01,118680.01,1.11723
2025-07-16 23:52:00,118680.01,118681.75,118662.73,118662.73,1.43351
2025-07-16 23:53:00,118660.33,118660.33,118659.13,118659.13,0.3826
2025-07-16 23:54:00,118660.01,118660.01,118602.88,118614.62,1.73292
2025-07-16 23:55:00,118614.63,118652.98,118614.63,118652.98,1.26222
2025-07-16 23:56:00,118649.89,118651.98,118649.88,118651.36,0.45183
2025-07-16 23:57:00,118651.98,118683.95,118651.72,118682.23,0.90584
2025-07-16 23:58:00,118682.23,118706.84,118682.23,118706.84,2.50054
2025-07-16 23:59:00,118700.0,118708.09,118667.04,118667.04,1.96628
2025-07-17 00:00:00,118666.95,118667.04,118642.36,118651.06,1.14982
2025-07-17 00:01:00,118649.91,118651.06,118649.91,118651.04,0.0081
2025-07-17 00:02:00,118651.06,118651.06,118645.67,118645.67,0.75646
2025-07-17 00:03:00,118630.44,118666.69,118620.0,118666.69,0.97887
2025-07-17 00:04:00,118666.69,118675.82,118666.69,118668.54,1.5484
2025-07-17 00:05:00,118666.95,118672.19,118661.57,118672.19,0.49906
2025-07-17 00:06:00,118671.83,118702.2,118671.83,118689.43,1.62919
2025-07-17 00:07:00,118685.2,118691.55,118680.19,118691.55,1.25373
2025-07-17 00:08:00,118690.07,118697.53,118690.07,118691.61,0.0559
2025-07-17 00:09:00,118691.61,118695.84,118691.61,118695.84,0.35554
2025-07-17 00:10:00,118695.84,118717.52,118695.38,118717.52,1.02451
2025-07-17 00:11:00,118717.64,118728.01,118716.26,118716.26,1.77139
2025-07-17 00:12:00,118716.26,118754.58,118716.26,118754.58,0.38549
2025-07-17 00:13:00,118754.58,118844.0,118753.65,118812.51,1.67038
2025-07-17 00:14:00,118812.51,118812.51,118728.15,118767.29,1.96795
2025-07-17 00:15:00,118767.28,118841.98,118767.28,118841.98,0.88053
2025-07-17 00:16:00,118836.54,118858.09,118766.88,118840.59,0.82073
2025-07-17 00:17:00,118840.58,118870.0,118840.58,118840.58,1.58235
2025-07-17 00:18:00,118855.07,118871.07,118855.07,118871.07,1.02718
2025-07-17 00:19:00,118865.77,118874.25,118865.77,118874.25,0.93006
2025-07-17 00:20:00,118872.48,118879.99,118701.08,118867.46,3.08459
2025-07-17 00:21:00,118879.99,118945.44,118606.08,118945.44,1.1937
2025-07-17 00:22:00,118943.25,118952.0,118943.25,118951.11,1.40299
2025-07-17 00:23:00,118951.11,118952.08,118951.11,118951.71,0.06768
2025-07-17 00:24:00,118951.71,118953.07,118934.26,118934.99,0.86171
2025-07-17 00:25:00,118934.95,118962.04,118928.28,118928.28,2.27319
2025-07-17 00:26:00,118958.27,118962.47,118946.38,118954.01,1.12349
2025-07-17 00:27:00,118949.89,118954.01,118932.3,118938.0,2.17064
2025-07-17 00:28:00,118938.0,118940.0,118893.17,118940.0,1.29084
2025-07-17 00:29:00,118928.03,118940.32,118883.53,118886.78,3.02742
2025-07-17 00:30:00,118886.78,118887.45,118863.02,118868.86,1.56789
2025-07-17 00:31:00,118870.17,118889.93,118869.67,118879.99,0.7318
2025-07-17 00:32:00,118879.99,118914.75,118879.99,118913.75,0.19964
2025-07-17 00:33:00,118913.77,118924.0,118912.69,118924.0,1.39764
2025-07-17 00:34:00,118924.39,118927.34,118921.69,118925.99,0.87428
2025-07-17 00:35:00,118926.0,118933.52,118925.99,118925.99,0.74526
2025-07-17 00:36:00,118933.52,118945.61,118925.99,118942.0,0.98346
2025-07-17 00:37:00,118942.0,118942.0,118928.07,118928.07,0.4991
2025-07-17 00:38:00,118928.07,118957.74,118925.76,118957.74,1.97471
2025-07-17 00:39:00,118958.64,118960.0,118935.62,118935.63,0.36288
2025-07-17 00:40:00,118935.63,118960.01,118934.89,118959.83,1.54664
2025-07-17 00:41:00,118960.0,118979.24,118956.94,118979.24,2.45115
2025-07-17 00:42:00,118984.39,119017.85,118977.81,119017.85,1.57661
2025-07-17 00:43:00,119018.33,119126.4,119014.29,119125.46,1.43495
2025-07-17 00:44:00,119125.46,119138.28,119125.14,119137.39,1.65576
2025-07-17 00:45:00,119137.39,119137.39,119072.52,119101.44,1.31847
2025-07-17 00:46:00,119072.52,119131.98,119072.52,119131.3,0.58782
2025-07-17 00:47:00,119131.98,119131.98,119083.72,119112.86,0.90598
2025-07-17 00:48:00,119113.3,119142.85,119113.16,119142.85,1.07704
2025-07-17 00:49:00,119144.17,119159.41,119143.85,119154.5,2.24169
2025-07-17 00:50:00,119159.41,119159.44,30000.0,119109.76,0.82312
2025-07-17 00:51:00,119109.77,119109.77,119007.62,119062.61,0.4387
2025-07-17 00:52:00,119062.61,119072.34,119039.07,119039.07,1.4138
2025-07-17 00:53:00,119040.0,119040.0,119029.29,119029.29,0.53946
2025-07-17 00:54:00,119030.33,119076.71,119023.04,119076.71,2.31715
2025-07-17 00:55:00,119073.68,119076.71,119027.44,119030.57,1.20475
2025-07-17 00:56:00,119002.33,119002.33,118946.01,118946.01,1.08952
2025-07-17 00:57:00,118972.32,119002.33,118881.8,118883.36,1.54206
2025-07-17 00:58:00,118883.36,118899.19,54707.76,118899.19,2.49786
2025-07-17 00:59:00,118906.11,118934.32,118906.11,118931.32,1.38862
2025-07-17 01:00:00,118930.56,118934.32,118888.01,118912.67,1.56528
2025-07-17 01:01:00,118912.67,118970.67,118912.67,118970.67,2.45276
2025-07-17 01:02:00,118970.17,119005.33,118919.72,118919.72,2.06633
2025-07-17 01:03:00,118953.14,118953.14,118920.0,118920.0,0.62636
2025-07-17 01:04:00,118953.14,118953.14,118888.13,118888.42,0.69546
2025-07-17 01:05:00,118888.42,118907.13,118888.0,118907.13,1.55288
2025-07-17 01:06:00,118907.47,118979.23,118333.88,118979.23,1.81708
2025-07-17 01:07:00,118919.23,119005.44,118433.14,119005.44,1.74916
2025-07-17 01:08:00,118519.36,119063.13,118519.36,119048.15,1.88039
2025-07-17 01:09:00,119047.67,119048.28,119047.6,119048.28,0.25433
2025-07-17 01:10:00,119047.6,119047.6,118951.12,118956.0,2.22445
2025-07-17 01:11:00,119014.95,119022.82,119003.26,119003.27,1.64227
2025-07-17 01:12:00,119003.27,119003.27,118988.33,118990.43,1.27616
2025-07-17 01:13:00,118990.43,119011.98,118988.31,119011.97,0.83114
2025-07-17 01:14:00,119012.25,119015.55,119011.8,119015.55,0.06295
2025-07-17 01:15:00,119011.97,119018.39,119011.97,119012.98,0.44904
2025-07-17 01:16:00,119013.98,119013.98,118974.45,118974.45,1.39621
2025-07-17 01:17:00,118974.45,118988.19,118973.21,118973.21,2.82886
2025-07-17 01:18:00,118973.21,118982.42,118968.53,118968.53,1.67923
2025-07-17 01:19:00,118968.53,118968.53,118900.0,118903.91,2.39494
2025-07-17 01:20:00,118903.92,118903.92,118806.82,118814.57,2.22527
2025-07-17 01:21:00,118811.33,118820.94,118759.45,118759.45,1.6158
2025-07-17 01:22:00,118759.45,118759.45,118622.1,118622.1,1.19985
2025-07-17 01:23:00,118628.16,118630.0,118579.99,118580.9,1.20675
2025-07-17 01:24:00,118579.99,118635.7,118579.99,118619.99,1.51837
2025-07-17 01:25:00,118619.99,118630.44,118619.99,118628.41,0.73419
2025-07-17 01:26:00,118623.16,118635.68,118618.57,118635.68,1.02079
2025-07-17 01:27:00,118635.3,118635.3,118625.21,118625.63,1.09993
2025-07-17 01:28:00,118624.61,118770.02,118624.61,118770.02,1.44301
2025-07-17 01:29:00,118770.01,118770.01,118743.67,118743.67,0.28338
2025-07-17 01:30:00,118743.67,118743.68,118730.43,118730.43,1.27636
2025-07-17 01:31:00,118730.43,118730.43,118680.0,118688.83,1.04463
2025-07-17 01:32:00,118688.83,118688.83,118556.37,118556.37,1.63041
2025-07-17 01:33:00,118557.6,118557.6,117085.01,118484.11,1.52688
2025-07-17 01:34:00,118484.11,118505.86,118475.47,118480.48,1.02849
2025-07-17 01:35:00,118480.48,118480.48,118370.0,118372.2,1.38425
2025-07-17 01:36:00,118372.34,118372.38,118244.13,118244.13,1.39978
2025-07-17 01:37:00,118244.13,118244.14,42573.6,118182.53,2.23612
2025-07-17 01:38:00,118182.53,118183.09,118127.46,118182.23,1.8523
2025-07-17 01:39:00,118173.13,118182.24,118157.98,118157.98,0.5584
2025-07-17 01:40:00,118158.76,118182.37,118157.97,118182.37,1.14255
2025-07-17 01:41:00,118182.37,118200.0,118182.37,118187.71,1.41947
2025-07-17 01:42:00,118187.71,118188.23,118165.13,118188.23,0.59684
2025-07-17 01:43:00,118187.86,118236.0,118187.86,118236.0,1.69646
2025-07-17 01:44:00,118236.0,118269.46,118236.0,118243.32,1.28318
2025-07-17 01:45:00,118243.32,118248.63,118243.31,118248.63,0.82534
2025-07-17 01:46:00,118249.82,118277.01,118249.82,118277.01,0.92105
2025-07-17 01:47:00,118277.01,118277.09,117940.7,117940.7,2.53289
2025-07-17 01:48:00,118182.08,118277.12,117777.0,117782.01,1.57648
2025-07-17 01:49:00,118073.97,118277.63,117699.04,117773.75,2.27104
2025-07-17 01:50:00,117773.75,117774.0,117757.26,117757.29,0.13745
2025-07-17 01:51:00,117757.29,117950.0,117757.28,117757.28,2.25231
2025-07-17 01:52:00,117940.04,117980.01,117755.61,117972.26,3.63098
2025-07-17 01:53:00,117902.0,117903.58,117848.2,117848.2,0.5846
2025-07-17 01:54:00,117847.21,117886.53,117835.31,117886.53,1.92576
2025-07-17 01:55:00,117835.31,117922.0,117834.37,117922.0,0.92249
2025-07-17 01:56:00,117922.96,117960.0,117920.45,117932.23,2.09455
2025-07-17 01:57:00,117925.99,117983.77,117925.99,117983.77,2.35467
2025-07-17 01:58:00,117983.77,118000.0,117982.8,117997.22,1.27833
2025-07-17 01:59:00,117997.22,118036.06,117994.61,118036.06,0.7441
2025-07-17 02:00:00,118001.06,118128.53,117994.32,118124.98,0.57781
2025-07-17 02:01:00,118124.98,118128.54,118120.14,118122.0,1.76782
2025-07-17 02:02:00,118111.33,118111.33,118092.0,118092.0,0.25159
2025-07-17 02:03:00,118092.01,118092.01,118082.7,118092.01,0.61889
2025-07-17 02:04:00,118081.49,118081.49,118017.07,118066.59,1.24152
2025-07-17 02:05:00,118066.59,118136.72,118063.62,118136.72,2.2211
2025-07-17 02:06:00,118107.7,118241.15,118063.54,118241.15,2.24716
2025-07-17 02:07:00,118238.6,118260.0,118232.23,118232.23,0.89615
2025-07-17 02:08:00,118232.23,118297.38,118227.94,118294.58,2.59939
2025-07-17 02:09:00,118294.58,118297.38,118251.81,118270.01,1.4212
2025-07-17 02:10:00,118257.84,118287.61,118257.83,118287.53,1.57043
2025-07-17 02:11:00,118289.09,118289.3,118283.76,118283.76,0.2588
2025-07-17 02:12:00,118284.46,118284.82,118284.46,118284.82,0.22961
2025-07-17 02:13:00,118284.82,118428.0,118282.09,118424.24,2.14394
2025-07-17 02:14:00,118411.18,118411.19,118307.09,118312.37,1.54864
2025-07-17 02:15:00,118312.37,118394.08,118307.08,118370.17,1.75005
2025-07-17 02:16:00,118370.35,118371.48,118334.27,118342.23,0.70518
2025-07-17 02:17:00,118342.22,118354.08,118342.22,118354.08,1.42309
2025-07-17 02:18:00,118354.08,118403.35,118349.75,118403.35,2.77536
2025-07-17 02:19:00,118403.35,118441.66,118403.35,118434.2,0.75135
2025-07-17 02:20:00,118441.66,118598.83,118434.2,118500.91,2.41724
2025-07-17 02:21:00,118500.91,118511.41,118499.47,118499.47,1.5772
2025-07-17 02:22:00,118499.47,118499.47,118459.93,118459.93,0.89363
2025-07-17 02:23:00,118460.96,118460.96,118454.0,118454.0,1.11656
2025-07-17 02:24:00,118454.0,118455.2,118447.35,118447.35,0.78961
2025-07-17 02:25:00,118444.19,118445.21,118437.61,118445.2,1.57767
2025-07-17 02:26:00,118445.2,118482.6,118445.2,118482.6,2.06428
2025-07-17 02:27:00,118482.59,118482.59,118460.01,118460.01,1.96211
2025-07-17 02:28:00,118462.44,118479.67,118406.58,118406.58,1.74464
2025-07-17 02:29:00,118458.9,118458.9,118391.13,118391.13,0.4992
2025-07-17 02:30:00,118391.13,118405.27,118390.49,118396.01,0.66877
2025-07-17 02:31:00,118396.01,118396.02,118378.28,118378.28,1.28811
2025-07-17 02:32:00,118361.31,118405.27,118361.31,118405.26,0.365
2025-07-17 02:33:00,118405.25,118407.34,118404.08,118407.34,0.1963
2025-07-17 02:34:00,118404.72,118427.87,118404.32,118405.61,1.18519
2025-07-17 02:35:00,118405.61,118406.53,118327.5,118330.83,0.87005
2025-07-17 02:36:00,118330.83,118377.3,118330.83,118334.88,1.12678
2025-07-17 02:37:00,118329.22,118329.22,118270.58,118272.04,2.37673
2025-07-17 02:38:00,118272.04,118295.87,118270.58,118295.87,1.14891
2025-07-17 02:39:00,118295.87,118342.24,118270.58,118342.24,2.03254
2025-07-17 02:40:00,118337.96,118337.96,118257.92,118263.41,0.896
2025-07-17 02:41:00,118269.39,118272.62,118269.39,118270.58,0.38316
2025-07-17 02:42:00,118272.62,118342.24,118272.62,118342.24,2.72552
2025-07-17 02:43:00,118342.09,118346.78,118292.3,118292.3,0.5158
2025-07-17 02:44:00,118292.36,118331.54,118292.3,118331.54,1.31433
2025-07-17 02:45:00,118312.16,118325.59,118309.55,118325.59,1.81431
2025-07-17 02:46:00,118321.31,118325.8,118180.38,118252.65,1.80045
2025-07-17 02:47:00,118250.28,118250.28,118200.8,118201.04,2.43799
2025-07-17 02:48:00,118201.04,118222.43,118199.58,118221.85,0.40014
2025-07-17 02:49:00,118221.84,118222.4,118179.34,118179.34,0.97639
2025-07-17 02:50:00,118186.75,118186.75,118171.02,118176.59,2.08624
2025-07-17 02:51:00,118178.21,118188.01,118177.63,118188.01,1.90396
2025-07-17 02:52:00,118188.01,118218.66,118188.01,118218.66,1.64416
2025-07-17 02:53:00,118217.4,118223.83,118217.4,118223.83,0.5263
2025-07-17 02:54:00,118224.4,118231.96,118223.0,118231.96,0.51722
2025-07-17 02:55:00,118231.96,118242.9,118231.96,118242.9,1.15517
2025-07-17 02:56:00,118236.95,118254.53,118236.95,118254.53,1.06952
